[
  {
    "FullName": "D:\\busineshuboffline CHATGTP\\TOGETHERSYSTEMS- GITHUB\\Nieuwe map (3)\\THYNK ORDNER PRODUCTION\\ALLE-SEITEN-ANLEITUNG.md",
    "Name": "ALLE-SEITEN-ANLEITUNG.md",
    "Directory": {
      "Name": "THYNK ORDNER PRODUCTION",
      "Parent": "D:\\busineshuboffline CHATGTP\\TOGETHERSYSTEMS- GITHUB\\Nieuwe map (3)",
      "Root": "D:\\",
      "Exists": true,
      "FullName": "D:\\busineshuboffline CHATGTP\\TOGETHERSYSTEMS- GITHUB\\Nieuwe map (3)\\THYNK ORDNER PRODUCTION",
      "Extension": "",
      "CreationTime": "2025-11-29T15:43:50.9047872+01:00",
      "CreationTimeUtc": "2025-11-29T14:43:50.9047872Z",
      "LastAccessTime": "2025-11-29T19:29:44.7665691+01:00",
      "LastAccessTimeUtc": "2025-11-29T18:29:44.7665691Z",
      "LastWriteTime": "2025-11-29T19:29:44.747098+01:00",
      "LastWriteTimeUtc": "2025-11-29T18:29:44.747098Z",
      "LinkTarget": null,
      "UnixFileMode": -1,
      "Attributes": 16
    }
  },
  {
    "FullName": "D:\\busineshuboffline CHATGTP\\TOGETHERSYSTEMS- GITHUB\\Nieuwe map (3)\\THYNK ORDNER PRODUCTION\\ALLE-SEITEN-IMPLEMENTIERT.md",
    "Name": "ALLE-SEITEN-IMPLEMENTIERT.md",
    "Directory": {
      "Name": "THYNK ORDNER PRODUCTION",
      "Parent": "D:\\busineshuboffline CHATGTP\\TOGETHERSYSTEMS- GITHUB\\Nieuwe map (3)",
      "Root": "D:\\",
      "Exists": true,
      "FullName": "D:\\busineshuboffline CHATGTP\\TOGETHERSYSTEMS- GITHUB\\Nieuwe map (3)\\THYNK ORDNER PRODUCTION",
      "Extension": "",
      "CreationTime": "2025-11-29T15:43:50.9047872+01:00",
      "CreationTimeUtc": "2025-11-29T14:43:50.9047872Z",
      "LastAccessTime": "2025-11-29T19:29:44.7665691+01:00",
      "LastAccessTimeUtc": "2025-11-29T18:29:44.7665691Z",
      "LastWriteTime": "2025-11-29T19:29:44.747098+01:00",
      "LastWriteTimeUtc": "2025-11-29T18:29:44.747098Z",
      "LinkTarget": null,
      "UnixFileMode": -1,
      "Attributes": 16
    }
  },
  {
    "FullName": "D:\\busineshuboffline CHATGTP\\TOGETHERSYSTEMS- GITHUB\\Nieuwe map (3)\\THYNK ORDNER PRODUCTION\\ANLEITUNG-BROWSER-EXTRAKTION.md",
    "Name": "ANLEITUNG-BROWSER-EXTRAKTION.md",
    "Directory": {
      "Name": "THYNK ORDNER PRODUCTION",
      "Parent": "D:\\busineshuboffline CHATGTP\\TOGETHERSYSTEMS- GITHUB\\Nieuwe map (3)",
      "Root": "D:\\",
      "Exists": true,
      "FullName": "D:\\busineshuboffline CHATGTP\\TOGETHERSYSTEMS- GITHUB\\Nieuwe map (3)\\THYNK ORDNER PRODUCTION",
      "Extension": "",
      "CreationTime": "2025-11-29T15:43:50.9047872+01:00",
      "CreationTimeUtc": "2025-11-29T14:43:50.9047872Z",
      "LastAccessTime": "2025-11-29T19:29:44.7665691+01:00",
      "LastAccessTimeUtc": "2025-11-29T18:29:44.7665691Z",
      "LastWriteTime": "2025-11-29T19:29:44.747098+01:00",
      "LastWriteTimeUtc": "2025-11-29T18:29:44.747098Z",
      "LinkTarget": null,
      "UnixFileMode": -1,
      "Attributes": 16
    }
  },
  {
    "FullName": "D:\\busineshuboffline CHATGTP\\TOGETHERSYSTEMS- GITHUB\\Nieuwe map (3)\\THYNK ORDNER PRODUCTION\\ANLEITUNG-FUER-DUMMIES.md",
    "Name": "ANLEITUNG-FUER-DUMMIES.md",
    "Directory": {
      "Name": "THYNK ORDNER PRODUCTION",
      "Parent": "D:\\busineshuboffline CHATGTP\\TOGETHERSYSTEMS- GITHUB\\Nieuwe map (3)",
      "Root": "D:\\",
      "Exists": true,
      "FullName": "D:\\busineshuboffline CHATGTP\\TOGETHERSYSTEMS- GITHUB\\Nieuwe map (3)\\THYNK ORDNER PRODUCTION",
      "Extension": "",
      "CreationTime": "2025-11-29T15:43:50.9047872+01:00",
      "CreationTimeUtc": "2025-11-29T14:43:50.9047872Z",
      "LastAccessTime": "2025-11-29T19:29:44.7665691+01:00",
      "LastAccessTimeUtc": "2025-11-29T18:29:44.7665691Z",
      "LastWriteTime": "2025-11-29T19:29:44.747098+01:00",
      "LastWriteTimeUtc": "2025-11-29T18:29:44.747098Z",
      "LinkTarget": null,
      "UnixFileMode": -1,
      "Attributes": 16
    }
  },
  {
    "FullName": "D:\\busineshuboffline CHATGTP\\TOGETHERSYSTEMS- GITHUB\\Nieuwe map (3)\\THYNK ORDNER PRODUCTION\\API-ROUTEN-OVERVIEW.md",
    "Name": "API-ROUTEN-OVERVIEW.md",
    "Directory": {
      "Name": "THYNK ORDNER PRODUCTION",
      "Parent": "D:\\busineshuboffline CHATGTP\\TOGETHERSYSTEMS- GITHUB\\Nieuwe map (3)",
      "Root": "D:\\",
      "Exists": true,
      "FullName": "D:\\busineshuboffline CHATGTP\\TOGETHERSYSTEMS- GITHUB\\Nieuwe map (3)\\THYNK ORDNER PRODUCTION",
      "Extension": "",
      "CreationTime": "2025-11-29T15:43:50.9047872+01:00",
      "CreationTimeUtc": "2025-11-29T14:43:50.9047872Z",
      "LastAccessTime": "2025-11-29T19:29:44.7665691+01:00",
      "LastAccessTimeUtc": "2025-11-29T18:29:44.7665691Z",
      "LastWriteTime": "2025-11-29T19:29:44.747098+01:00",
      "LastWriteTimeUtc": "2025-11-29T18:29:44.747098Z",
      "LinkTarget": null,
      "UnixFileMode": -1,
      "Attributes": 16
    }
  },
  {
    "FullName": "D:\\busineshuboffline CHATGTP\\TOGETHERSYSTEMS- GITHUB\\Nieuwe map (3)\\THYNK ORDNER PRODUCTION\\COMPLETE-DOCUMENTATION-STATUS.md",
    "Name": "COMPLETE-DOCUMENTATION-STATUS.md",
    "Directory": {
      "Name": "THYNK ORDNER PRODUCTION",
      "Parent": "D:\\busineshuboffline CHATGTP\\TOGETHERSYSTEMS- GITHUB\\Nieuwe map (3)",
      "Root": "D:\\",
      "Exists": true,
      "FullName": "D:\\busineshuboffline CHATGTP\\TOGETHERSYSTEMS- GITHUB\\Nieuwe map (3)\\THYNK ORDNER PRODUCTION",
      "Extension": "",
      "CreationTime": "2025-11-29T15:43:50.9047872+01:00",
      "CreationTimeUtc": "2025-11-29T14:43:50.9047872Z",
      "LastAccessTime": "2025-11-29T19:29:44.7665691+01:00",
      "LastAccessTimeUtc": "2025-11-29T18:29:44.7665691Z",
      "LastWriteTime": "2025-11-29T19:29:44.747098+01:00",
      "LastWriteTimeUtc": "2025-11-29T18:29:44.747098Z",
      "LinkTarget": null,
      "UnixFileMode": -1,
      "Attributes": 16
    }
  },
  {
    "FullName": "D:\\busineshuboffline CHATGTP\\TOGETHERSYSTEMS- GITHUB\\Nieuwe map (3)\\THYNK ORDNER PRODUCTION\\COMPLETE-TEST-AND-DOCUMENTATION-STATUS.md",
    "Name": "COMPLETE-TEST-AND-DOCUMENTATION-STATUS.md",
    "Directory": {
      "Name": "THYNK ORDNER PRODUCTION",
      "Parent": "D:\\busineshuboffline CHATGTP\\TOGETHERSYSTEMS- GITHUB\\Nieuwe map (3)",
      "Root": "D:\\",
      "Exists": true,
      "FullName": "D:\\busineshuboffline CHATGTP\\TOGETHERSYSTEMS- GITHUB\\Nieuwe map (3)\\THYNK ORDNER PRODUCTION",
      "Extension": "",
      "CreationTime": "2025-11-29T15:43:50.9047872+01:00",
      "CreationTimeUtc": "2025-11-29T14:43:50.9047872Z",
      "LastAccessTime": "2025-11-29T19:29:44.7665691+01:00",
      "LastAccessTimeUtc": "2025-11-29T18:29:44.7665691Z",
      "LastWriteTime": "2025-11-29T19:29:44.747098+01:00",
      "LastWriteTimeUtc": "2025-11-29T18:29:44.747098Z",
      "LinkTarget": null,
      "UnixFileMode": -1,
      "Attributes": 16
    }
  },
  {
    "FullName": "D:\\busineshuboffline CHATGTP\\TOGETHERSYSTEMS- GITHUB\\Nieuwe map (3)\\THYNK ORDNER PRODUCTION\\CONCEPT-ONE-CLICK-DEPLOYMENT.md",
    "Name": "CONCEPT-ONE-CLICK-DEPLOYMENT.md",
    "Directory": {
      "Name": "THYNK ORDNER PRODUCTION",
      "Parent": "D:\\busineshuboffline CHATGTP\\TOGETHERSYSTEMS- GITHUB\\Nieuwe map (3)",
      "Root": "D:\\",
      "Exists": true,
      "FullName": "D:\\busineshuboffline CHATGTP\\TOGETHERSYSTEMS- GITHUB\\Nieuwe map (3)\\THYNK ORDNER PRODUCTION",
      "Extension": "",
      "CreationTime": "2025-11-29T15:43:50.9047872+01:00",
      "CreationTimeUtc": "2025-11-29T14:43:50.9047872Z",
      "LastAccessTime": "2025-11-29T19:29:44.7665691+01:00",
      "LastAccessTimeUtc": "2025-11-29T18:29:44.7665691Z",
      "LastWriteTime": "2025-11-29T19:29:44.747098+01:00",
      "LastWriteTimeUtc": "2025-11-29T18:29:44.747098Z",
      "LinkTarget": null,
      "UnixFileMode": -1,
      "Attributes": 16
    }
  },
  {
    "FullName": "D:\\busineshuboffline CHATGTP\\TOGETHERSYSTEMS- GITHUB\\Nieuwe map (3)\\THYNK ORDNER PRODUCTION\\CORS-FEHLER-BEHOBEN.md",
    "Name": "CORS-FEHLER-BEHOBEN.md",
    "Directory": {
      "Name": "THYNK ORDNER PRODUCTION",
      "Parent": "D:\\busineshuboffline CHATGTP\\TOGETHERSYSTEMS- GITHUB\\Nieuwe map (3)",
      "Root": "D:\\",
      "Exists": true,
      "FullName": "D:\\busineshuboffline CHATGTP\\TOGETHERSYSTEMS- GITHUB\\Nieuwe map (3)\\THYNK ORDNER PRODUCTION",
      "Extension": "",
      "CreationTime": "2025-11-29T15:43:50.9047872+01:00",
      "CreationTimeUtc": "2025-11-29T14:43:50.9047872Z",
      "LastAccessTime": "2025-11-29T19:29:44.7665691+01:00",
      "LastAccessTimeUtc": "2025-11-29T18:29:44.7665691Z",
      "LastWriteTime": "2025-11-29T19:29:44.747098+01:00",
      "LastWriteTimeUtc": "2025-11-29T18:29:44.747098Z",
      "LinkTarget": null,
      "UnixFileMode": -1,
      "Attributes": 16
    }
  },
  {
    "FullName": "D:\\busineshuboffline CHATGTP\\TOGETHERSYSTEMS- GITHUB\\Nieuwe map (3)\\THYNK ORDNER PRODUCTION\\CSS-EXTRAKTIONS-ANLEITUNG.md",
    "Name": "CSS-EXTRAKTIONS-ANLEITUNG.md",
    "Directory": {
      "Name": "THYNK ORDNER PRODUCTION",
      "Parent": "D:\\busineshuboffline CHATGTP\\TOGETHERSYSTEMS- GITHUB\\Nieuwe map (3)",
      "Root": "D:\\",
      "Exists": true,
      "FullName": "D:\\busineshuboffline CHATGTP\\TOGETHERSYSTEMS- GITHUB\\Nieuwe map (3)\\THYNK ORDNER PRODUCTION",
      "Extension": "",
      "CreationTime": "2025-11-29T15:43:50.9047872+01:00",
      "CreationTimeUtc": "2025-11-29T14:43:50.9047872Z",
      "LastAccessTime": "2025-11-29T19:29:44.7665691+01:00",
      "LastAccessTimeUtc": "2025-11-29T18:29:44.7665691Z",
      "LastWriteTime": "2025-11-29T19:29:44.747098+01:00",
      "LastWriteTimeUtc": "2025-11-29T18:29:44.747098Z",
      "LinkTarget": null,
      "UnixFileMode": -1,
      "Attributes": 16
    }
  },
  {
    "FullName": "D:\\busineshuboffline CHATGTP\\TOGETHERSYSTEMS- GITHUB\\Nieuwe map (3)\\THYNK ORDNER PRODUCTION\\CSS-VERBESSERUNG.md",
    "Name": "CSS-VERBESSERUNG.md",
    "Directory": {
      "Name": "THYNK ORDNER PRODUCTION",
      "Parent": "D:\\busineshuboffline CHATGTP\\TOGETHERSYSTEMS- GITHUB\\Nieuwe map (3)",
      "Root": "D:\\",
      "Exists": true,
      "FullName": "D:\\busineshuboffline CHATGTP\\TOGETHERSYSTEMS- GITHUB\\Nieuwe map (3)\\THYNK ORDNER PRODUCTION",
      "Extension": "",
      "CreationTime": "2025-11-29T15:43:50.9047872+01:00",
      "CreationTimeUtc": "2025-11-29T14:43:50.9047872Z",
      "LastAccessTime": "2025-11-29T19:29:44.7665691+01:00",
      "LastAccessTimeUtc": "2025-11-29T18:29:44.7665691Z",
      "LastWriteTime": "2025-11-29T19:29:44.747098+01:00",
      "LastWriteTimeUtc": "2025-11-29T18:29:44.747098Z",
      "LinkTarget": null,
      "UnixFileMode": -1,
      "Attributes": 16
    }
  },
  {
    "FullName": "D:\\busineshuboffline CHATGTP\\TOGETHERSYSTEMS- GITHUB\\Nieuwe map (3)\\THYNK ORDNER PRODUCTION\\DATEN-1-1-UEBERNAHME.md",
    "Name": "DATEN-1-1-UEBERNAHME.md",
    "Directory": {
      "Name": "THYNK ORDNER PRODUCTION",
      "Parent": "D:\\busineshuboffline CHATGTP\\TOGETHERSYSTEMS- GITHUB\\Nieuwe map (3)",
      "Root": "D:\\",
      "Exists": true,
      "FullName": "D:\\busineshuboffline CHATGTP\\TOGETHERSYSTEMS- GITHUB\\Nieuwe map (3)\\THYNK ORDNER PRODUCTION",
      "Extension": "",
      "CreationTime": "2025-11-29T15:43:50.9047872+01:00",
      "CreationTimeUtc": "2025-11-29T14:43:50.9047872Z",
      "LastAccessTime": "2025-11-29T19:29:44.7665691+01:00",
      "LastAccessTimeUtc": "2025-11-29T18:29:44.7665691Z",
      "LastWriteTime": "2025-11-29T19:29:44.747098+01:00",
      "LastWriteTimeUtc": "2025-11-29T18:29:44.747098Z",
      "LinkTarget": null,
      "UnixFileMode": -1,
      "Attributes": 16
    }
  },
  {
    "FullName": "D:\\busineshuboffline CHATGTP\\TOGETHERSYSTEMS- GITHUB\\Nieuwe map (3)\\THYNK ORDNER PRODUCTION\\DATEN-SICHERUNGS-ANLEITUNG.md",
    "Name": "DATEN-SICHERUNGS-ANLEITUNG.md",
    "Directory": {
      "Name": "THYNK ORDNER PRODUCTION",
      "Parent": "D:\\busineshuboffline CHATGTP\\TOGETHERSYSTEMS- GITHUB\\Nieuwe map (3)",
      "Root": "D:\\",
      "Exists": true,
      "FullName": "D:\\busineshuboffline CHATGTP\\TOGETHERSYSTEMS- GITHUB\\Nieuwe map (3)\\THYNK ORDNER PRODUCTION",
      "Extension": "",
      "CreationTime": "2025-11-29T15:43:50.9047872+01:00",
      "CreationTimeUtc": "2025-11-29T14:43:50.9047872Z",
      "LastAccessTime": "2025-11-29T19:29:44.7665691+01:00",
      "LastAccessTimeUtc": "2025-11-29T18:29:44.7665691Z",
      "LastWriteTime": "2025-11-29T19:29:44.747098+01:00",
      "LastWriteTimeUtc": "2025-11-29T18:29:44.747098Z",
      "LinkTarget": null,
      "UnixFileMode": -1,
      "Attributes": 16
    }
  },
  {
    "FullName": "D:\\busineshuboffline CHATGTP\\TOGETHERSYSTEMS- GITHUB\\Nieuwe map (3)\\THYNK ORDNER PRODUCTION\\DATENBANK-DOKUMENTATION.md",
    "Name": "DATENBANK-DOKUMENTATION.md",
    "Directory": {
      "Name": "THYNK ORDNER PRODUCTION",
      "Parent": "D:\\busineshuboffline CHATGTP\\TOGETHERSYSTEMS- GITHUB\\Nieuwe map (3)",
      "Root": "D:\\",
      "Exists": true,
      "FullName": "D:\\busineshuboffline CHATGTP\\TOGETHERSYSTEMS- GITHUB\\Nieuwe map (3)\\THYNK ORDNER PRODUCTION",
      "Extension": "",
      "CreationTime": "2025-11-29T15:43:50.9047872+01:00",
      "CreationTimeUtc": "2025-11-29T14:43:50.9047872Z",
      "LastAccessTime": "2025-11-29T19:29:44.7665691+01:00",
      "LastAccessTimeUtc": "2025-11-29T18:29:44.7665691Z",
      "LastWriteTime": "2025-11-29T19:29:44.747098+01:00",
      "LastWriteTimeUtc": "2025-11-29T18:29:44.747098Z",
      "LinkTarget": null,
      "UnixFileMode": -1,
      "Attributes": 16
    }
  },
  {
    "FullName": "D:\\busineshuboffline CHATGTP\\TOGETHERSYSTEMS- GITHUB\\Nieuwe map (3)\\THYNK ORDNER PRODUCTION\\DEPLOYMENT-COMPLETE-ANLEITUNG.md",
    "Name": "DEPLOYMENT-COMPLETE-ANLEITUNG.md",
    "Directory": {
      "Name": "THYNK ORDNER PRODUCTION",
      "Parent": "D:\\busineshuboffline CHATGTP\\TOGETHERSYSTEMS- GITHUB\\Nieuwe map (3)",
      "Root": "D:\\",
      "Exists": true,
      "FullName": "D:\\busineshuboffline CHATGTP\\TOGETHERSYSTEMS- GITHUB\\Nieuwe map (3)\\THYNK ORDNER PRODUCTION",
      "Extension": "",
      "CreationTime": "2025-11-29T15:43:50.9047872+01:00",
      "CreationTimeUtc": "2025-11-29T14:43:50.9047872Z",
      "LastAccessTime": "2025-11-29T19:29:44.7665691+01:00",
      "LastAccessTimeUtc": "2025-11-29T18:29:44.7665691Z",
      "LastWriteTime": "2025-11-29T19:29:44.747098+01:00",
      "LastWriteTimeUtc": "2025-11-29T18:29:44.747098Z",
      "LinkTarget": null,
      "UnixFileMode": -1,
      "Attributes": 16
    }
  },
  {
    "FullName": "D:\\busineshuboffline CHATGTP\\TOGETHERSYSTEMS- GITHUB\\Nieuwe map (3)\\THYNK ORDNER PRODUCTION\\DEPLOYMENT-ERFOLGREICH.md",
    "Name": "DEPLOYMENT-ERFOLGREICH.md",
    "Directory": {
      "Name": "THYNK ORDNER PRODUCTION",
      "Parent": "D:\\busineshuboffline CHATGTP\\TOGETHERSYSTEMS- GITHUB\\Nieuwe map (3)",
      "Root": "D:\\",
      "Exists": true,
      "FullName": "D:\\busineshuboffline CHATGTP\\TOGETHERSYSTEMS- GITHUB\\Nieuwe map (3)\\THYNK ORDNER PRODUCTION",
      "Extension": "",
      "CreationTime": "2025-11-29T15:43:50.9047872+01:00",
      "CreationTimeUtc": "2025-11-29T14:43:50.9047872Z",
      "LastAccessTime": "2025-11-29T19:29:44.7665691+01:00",
      "LastAccessTimeUtc": "2025-11-29T18:29:44.7665691Z",
      "LastWriteTime": "2025-11-29T19:29:44.747098+01:00",
      "LastWriteTimeUtc": "2025-11-29T18:29:44.747098Z",
      "LinkTarget": null,
      "UnixFileMode": -1,
      "Attributes": 16
    }
  },
  {
    "FullName": "D:\\busineshuboffline CHATGTP\\TOGETHERSYSTEMS- GITHUB\\Nieuwe map (3)\\THYNK ORDNER PRODUCTION\\DEVELOPMENT-CHECKLIST.md",
    "Name": "DEVELOPMENT-CHECKLIST.md",
    "Directory": {
      "Name": "THYNK ORDNER PRODUCTION",
      "Parent": "D:\\busineshuboffline CHATGTP\\TOGETHERSYSTEMS- GITHUB\\Nieuwe map (3)",
      "Root": "D:\\",
      "Exists": true,
      "FullName": "D:\\busineshuboffline CHATGTP\\TOGETHERSYSTEMS- GITHUB\\Nieuwe map (3)\\THYNK ORDNER PRODUCTION",
      "Extension": "",
      "CreationTime": "2025-11-29T15:43:50.9047872+01:00",
      "CreationTimeUtc": "2025-11-29T14:43:50.9047872Z",
      "LastAccessTime": "2025-11-29T19:29:44.7665691+01:00",
      "LastAccessTimeUtc": "2025-11-29T18:29:44.7665691Z",
      "LastWriteTime": "2025-11-29T19:29:44.747098+01:00",
      "LastWriteTimeUtc": "2025-11-29T18:29:44.747098Z",
      "LinkTarget": null,
      "UnixFileMode": -1,
      "Attributes": 16
    }
  },
  {
    "FullName": "D:\\busineshuboffline CHATGTP\\TOGETHERSYSTEMS- GITHUB\\Nieuwe map (3)\\THYNK ORDNER PRODUCTION\\DOKUMENTATION-COMPLETE-DE.md",
    "Name": "DOKUMENTATION-COMPLETE-DE.md",
    "Directory": {
      "Name": "THYNK ORDNER PRODUCTION",
      "Parent": "D:\\busineshuboffline CHATGTP\\TOGETHERSYSTEMS- GITHUB\\Nieuwe map (3)",
      "Root": "D:\\",
      "Exists": true,
      "FullName": "D:\\busineshuboffline CHATGTP\\TOGETHERSYSTEMS- GITHUB\\Nieuwe map (3)\\THYNK ORDNER PRODUCTION",
      "Extension": "",
      "CreationTime": "2025-11-29T15:43:50.9047872+01:00",
      "CreationTimeUtc": "2025-11-29T14:43:50.9047872Z",
      "LastAccessTime": "2025-11-29T19:29:44.7665691+01:00",
      "LastAccessTimeUtc": "2025-11-29T18:29:44.7665691Z",
      "LastWriteTime": "2025-11-29T19:29:44.747098+01:00",
      "LastWriteTimeUtc": "2025-11-29T18:29:44.747098Z",
      "LinkTarget": null,
      "UnixFileMode": -1,
      "Attributes": 16
    }
  },
  {
    "FullName": "D:\\busineshuboffline CHATGTP\\TOGETHERSYSTEMS- GITHUB\\Nieuwe map (3)\\THYNK ORDNER PRODUCTION\\DOKUMENTATION-COMPLETE-EN.md",
    "Name": "DOKUMENTATION-COMPLETE-EN.md",
    "Directory": {
      "Name": "THYNK ORDNER PRODUCTION",
      "Parent": "D:\\busineshuboffline CHATGTP\\TOGETHERSYSTEMS- GITHUB\\Nieuwe map (3)",
      "Root": "D:\\",
      "Exists": true,
      "FullName": "D:\\busineshuboffline CHATGTP\\TOGETHERSYSTEMS- GITHUB\\Nieuwe map (3)\\THYNK ORDNER PRODUCTION",
      "Extension": "",
      "CreationTime": "2025-11-29T15:43:50.9047872+01:00",
      "CreationTimeUtc": "2025-11-29T14:43:50.9047872Z",
      "LastAccessTime": "2025-11-29T19:29:44.7665691+01:00",
      "LastAccessTimeUtc": "2025-11-29T18:29:44.7665691Z",
      "LastWriteTime": "2025-11-29T19:29:44.747098+01:00",
      "LastWriteTimeUtc": "2025-11-29T18:29:44.747098Z",
      "LinkTarget": null,
      "UnixFileMode": -1,
      "Attributes": 16
    }
  },
  {
    "FullName": "D:\\busineshuboffline CHATGTP\\TOGETHERSYSTEMS- GITHUB\\Nieuwe map (3)\\THYNK ORDNER PRODUCTION\\DOKUMENTATION-COMPLETE-NL.md",
    "Name": "DOKUMENTATION-COMPLETE-NL.md",
    "Directory": {
      "Name": "THYNK ORDNER PRODUCTION",
      "Parent": "D:\\busineshuboffline CHATGTP\\TOGETHERSYSTEMS- GITHUB\\Nieuwe map (3)",
      "Root": "D:\\",
      "Exists": true,
      "FullName": "D:\\busineshuboffline CHATGTP\\TOGETHERSYSTEMS- GITHUB\\Nieuwe map (3)\\THYNK ORDNER PRODUCTION",
      "Extension": "",
      "CreationTime": "2025-11-29T15:43:50.9047872+01:00",
      "CreationTimeUtc": "2025-11-29T14:43:50.9047872Z",
      "LastAccessTime": "2025-11-29T19:29:44.7665691+01:00",
      "LastAccessTimeUtc": "2025-11-29T18:29:44.7665691Z",
      "LastWriteTime": "2025-11-29T19:29:44.747098+01:00",
      "LastWriteTimeUtc": "2025-11-29T18:29:44.747098Z",
      "LinkTarget": null,
      "UnixFileMode": -1,
      "Attributes": 16
    }
  },
  {
    "FullName": "D:\\busineshuboffline CHATGTP\\TOGETHERSYSTEMS- GITHUB\\Nieuwe map (3)\\THYNK ORDNER PRODUCTION\\DOKUMENTATION-FUER-DUMMIES-VOLLSTAENDIG.md",
    "Name": "DOKUMENTATION-FUER-DUMMIES-VOLLSTAENDIG.md",
    "Directory": {
      "Name": "THYNK ORDNER PRODUCTION",
      "Parent": "D:\\busineshuboffline CHATGTP\\TOGETHERSYSTEMS- GITHUB\\Nieuwe map (3)",
      "Root": "D:\\",
      "Exists": true,
      "FullName": "D:\\busineshuboffline CHATGTP\\TOGETHERSYSTEMS- GITHUB\\Nieuwe map (3)\\THYNK ORDNER PRODUCTION",
      "Extension": "",
      "CreationTime": "2025-11-29T15:43:50.9047872+01:00",
      "CreationTimeUtc": "2025-11-29T14:43:50.9047872Z",
      "LastAccessTime": "2025-11-29T19:29:44.7665691+01:00",
      "LastAccessTimeUtc": "2025-11-29T18:29:44.7665691Z",
      "LastWriteTime": "2025-11-29T19:29:44.747098+01:00",
      "LastWriteTimeUtc": "2025-11-29T18:29:44.747098Z",
      "LinkTarget": null,
      "UnixFileMode": -1,
      "Attributes": 16
    }
  },
  {
    "FullName": "D:\\busineshuboffline CHATGTP\\TOGETHERSYSTEMS- GITHUB\\Nieuwe map (3)\\THYNK ORDNER PRODUCTION\\DOKUMENTATION-PRUEFUNG-DE-NL-EN.md",
    "Name": "DOKUMENTATION-PRUEFUNG-DE-NL-EN.md",
    "Directory": {
      "Name": "THYNK ORDNER PRODUCTION",
      "Parent": "D:\\busineshuboffline CHATGTP\\TOGETHERSYSTEMS- GITHUB\\Nieuwe map (3)",
      "Root": "D:\\",
      "Exists": true,
      "FullName": "D:\\busineshuboffline CHATGTP\\TOGETHERSYSTEMS- GITHUB\\Nieuwe map (3)\\THYNK ORDNER PRODUCTION",
      "Extension": "",
      "CreationTime": "2025-11-29T15:43:50.9047872+01:00",
      "CreationTimeUtc": "2025-11-29T14:43:50.9047872Z",
      "LastAccessTime": "2025-11-29T19:29:44.7665691+01:00",
      "LastAccessTimeUtc": "2025-11-29T18:29:44.7665691Z",
      "LastWriteTime": "2025-11-29T19:29:44.747098+01:00",
      "LastWriteTimeUtc": "2025-11-29T18:29:44.747098Z",
      "LinkTarget": null,
      "UnixFileMode": -1,
      "Attributes": 16
    }
  },
  {
    "FullName": "D:\\busineshuboffline CHATGTP\\TOGETHERSYSTEMS- GITHUB\\Nieuwe map (3)\\THYNK ORDNER PRODUCTION\\DOKUMENTATIONS-INDEX.md",
    "Name": "DOKUMENTATIONS-INDEX.md",
    "Directory": {
      "Name": "THYNK ORDNER PRODUCTION",
      "Parent": "D:\\busineshuboffline CHATGTP\\TOGETHERSYSTEMS- GITHUB\\Nieuwe map (3)",
      "Root": "D:\\",
      "Exists": true,
      "FullName": "D:\\busineshuboffline CHATGTP\\TOGETHERSYSTEMS- GITHUB\\Nieuwe map (3)\\THYNK ORDNER PRODUCTION",
      "Extension": "",
      "CreationTime": "2025-11-29T15:43:50.9047872+01:00",
      "CreationTimeUtc": "2025-11-29T14:43:50.9047872Z",
      "LastAccessTime": "2025-11-29T19:29:44.7665691+01:00",
      "LastAccessTimeUtc": "2025-11-29T18:29:44.7665691Z",
      "LastWriteTime": "2025-11-29T19:29:44.747098+01:00",
      "LastWriteTimeUtc": "2025-11-29T18:29:44.747098Z",
      "LinkTarget": null,
      "UnixFileMode": -1,
      "Attributes": 16
    }
  },
  {
    "FullName": "D:\\busineshuboffline CHATGTP\\TOGETHERSYSTEMS- GITHUB\\Nieuwe map (3)\\THYNK ORDNER PRODUCTION\\EXTRAKTIONS-ANLEITUNG-1-1-ORIGINAL.md",
    "Name": "EXTRAKTIONS-ANLEITUNG-1-1-ORIGINAL.md",
    "Directory": {
      "Name": "THYNK ORDNER PRODUCTION",
      "Parent": "D:\\busineshuboffline CHATGTP\\TOGETHERSYSTEMS- GITHUB\\Nieuwe map (3)",
      "Root": "D:\\",
      "Exists": true,
      "FullName": "D:\\busineshuboffline CHATGTP\\TOGETHERSYSTEMS- GITHUB\\Nieuwe map (3)\\THYNK ORDNER PRODUCTION",
      "Extension": "",
      "CreationTime": "2025-11-29T15:43:50.9047872+01:00",
      "CreationTimeUtc": "2025-11-29T14:43:50.9047872Z",
      "LastAccessTime": "2025-11-29T19:29:44.7665691+01:00",
      "LastAccessTimeUtc": "2025-11-29T18:29:44.7665691Z",
      "LastWriteTime": "2025-11-29T19:29:44.747098+01:00",
      "LastWriteTimeUtc": "2025-11-29T18:29:44.747098Z",
      "LinkTarget": null,
      "UnixFileMode": -1,
      "Attributes": 16
    }
  },
  {
    "FullName": "D:\\busineshuboffline CHATGTP\\TOGETHERSYSTEMS- GITHUB\\Nieuwe map (3)\\THYNK ORDNER PRODUCTION\\EXTRAKTIONS-ANLEITUNG-VOLLSTAENDIG.md",
    "Name": "EXTRAKTIONS-ANLEITUNG-VOLLSTAENDIG.md",
    "Directory": {
      "Name": "THYNK ORDNER PRODUCTION",
      "Parent": "D:\\busineshuboffline CHATGTP\\TOGETHERSYSTEMS- GITHUB\\Nieuwe map (3)",
      "Root": "D:\\",
      "Exists": true,
      "FullName": "D:\\busineshuboffline CHATGTP\\TOGETHERSYSTEMS- GITHUB\\Nieuwe map (3)\\THYNK ORDNER PRODUCTION",
      "Extension": "",
      "CreationTime": "2025-11-29T15:43:50.9047872+01:00",
      "CreationTimeUtc": "2025-11-29T14:43:50.9047872Z",
      "LastAccessTime": "2025-11-29T19:29:44.7665691+01:00",
      "LastAccessTimeUtc": "2025-11-29T18:29:44.7665691Z",
      "LastWriteTime": "2025-11-29T19:29:44.747098+01:00",
      "LastWriteTimeUtc": "2025-11-29T18:29:44.747098Z",
      "LinkTarget": null,
      "UnixFileMode": -1,
      "Attributes": 16
    }
  },
  {
    "FullName": "D:\\busineshuboffline CHATGTP\\TOGETHERSYSTEMS- GITHUB\\Nieuwe map (3)\\THYNK ORDNER PRODUCTION\\FACTUUR-NL-BETREIBER-PARTNER.md",
    "Name": "FACTUUR-NL-BETREIBER-PARTNER.md",
    "Directory": {
      "Name": "THYNK ORDNER PRODUCTION",
      "Parent": "D:\\busineshuboffline CHATGTP\\TOGETHERSYSTEMS- GITHUB\\Nieuwe map (3)",
      "Root": "D:\\",
      "Exists": true,
      "FullName": "D:\\busineshuboffline CHATGTP\\TOGETHERSYSTEMS- GITHUB\\Nieuwe map (3)\\THYNK ORDNER PRODUCTION",
      "Extension": "",
      "CreationTime": "2025-11-29T15:43:50.9047872+01:00",
      "CreationTimeUtc": "2025-11-29T14:43:50.9047872Z",
      "LastAccessTime": "2025-11-29T19:29:44.7665691+01:00",
      "LastAccessTimeUtc": "2025-11-29T18:29:44.7665691Z",
      "LastWriteTime": "2025-11-29T19:29:44.747098+01:00",
      "LastWriteTimeUtc": "2025-11-29T18:29:44.747098Z",
      "LinkTarget": null,
      "UnixFileMode": -1,
      "Attributes": 16
    }
  },
  {
    "FullName": "D:\\busineshuboffline CHATGTP\\TOGETHERSYSTEMS- GITHUB\\Nieuwe map (3)\\THYNK ORDNER PRODUCTION\\FINAL-DEPLOYMENT-STATUS.md",
    "Name": "FINAL-DEPLOYMENT-STATUS.md",
    "Directory": {
      "Name": "THYNK ORDNER PRODUCTION",
      "Parent": "D:\\busineshuboffline CHATGTP\\TOGETHERSYSTEMS- GITHUB\\Nieuwe map (3)",
      "Root": "D:\\",
      "Exists": true,
      "FullName": "D:\\busineshuboffline CHATGTP\\TOGETHERSYSTEMS- GITHUB\\Nieuwe map (3)\\THYNK ORDNER PRODUCTION",
      "Extension": "",
      "CreationTime": "2025-11-29T15:43:50.9047872+01:00",
      "CreationTimeUtc": "2025-11-29T14:43:50.9047872Z",
      "LastAccessTime": "2025-11-29T19:29:44.7665691+01:00",
      "LastAccessTimeUtc": "2025-11-29T18:29:44.7665691Z",
      "LastWriteTime": "2025-11-29T19:29:44.747098+01:00",
      "LastWriteTimeUtc": "2025-11-29T18:29:44.747098Z",
      "LinkTarget": null,
      "UnixFileMode": -1,
      "Attributes": 16
    }
  },
  {
    "FullName": "D:\\busineshuboffline CHATGTP\\TOGETHERSYSTEMS- GITHUB\\Nieuwe map (3)\\THYNK ORDNER PRODUCTION\\FINAL-DOKUMENTATION-STATUS.md",
    "Name": "FINAL-DOKUMENTATION-STATUS.md",
    "Directory": {
      "Name": "THYNK ORDNER PRODUCTION",
      "Parent": "D:\\busineshuboffline CHATGTP\\TOGETHERSYSTEMS- GITHUB\\Nieuwe map (3)",
      "Root": "D:\\",
      "Exists": true,
      "FullName": "D:\\busineshuboffline CHATGTP\\TOGETHERSYSTEMS- GITHUB\\Nieuwe map (3)\\THYNK ORDNER PRODUCTION",
      "Extension": "",
      "CreationTime": "2025-11-29T15:43:50.9047872+01:00",
      "CreationTimeUtc": "2025-11-29T14:43:50.9047872Z",
      "LastAccessTime": "2025-11-29T19:29:44.7665691+01:00",
      "LastAccessTimeUtc": "2025-11-29T18:29:44.7665691Z",
      "LastWriteTime": "2025-11-29T19:29:44.747098+01:00",
      "LastWriteTimeUtc": "2025-11-29T18:29:44.747098Z",
      "LinkTarget": null,
      "UnixFileMode": -1,
      "Attributes": 16
    }
  },
  {
    "FullName": "D:\\busineshuboffline CHATGTP\\TOGETHERSYSTEMS- GITHUB\\Nieuwe map (3)\\THYNK ORDNER PRODUCTION\\FINAL-PRODUCTION-DEPLOYMENT-INFO.md",
    "Name": "FINAL-PRODUCTION-DEPLOYMENT-INFO.md",
    "Directory": {
      "Name": "THYNK ORDNER PRODUCTION",
      "Parent": "D:\\busineshuboffline CHATGTP\\TOGETHERSYSTEMS- GITHUB\\Nieuwe map (3)",
      "Root": "D:\\",
      "Exists": true,
      "FullName": "D:\\busineshuboffline CHATGTP\\TOGETHERSYSTEMS- GITHUB\\Nieuwe map (3)\\THYNK ORDNER PRODUCTION",
      "Extension": "",
      "CreationTime": "2025-11-29T15:43:50.9047872+01:00",
      "CreationTimeUtc": "2025-11-29T14:43:50.9047872Z",
      "LastAccessTime": "2025-11-29T19:29:44.7665691+01:00",
      "LastAccessTimeUtc": "2025-11-29T18:29:44.7665691Z",
      "LastWriteTime": "2025-11-29T19:29:44.747098+01:00",
      "LastWriteTimeUtc": "2025-11-29T18:29:44.747098Z",
      "LinkTarget": null,
      "UnixFileMode": -1,
      "Attributes": 16
    }
  },
  {
    "FullName": "D:\\busineshuboffline CHATGTP\\TOGETHERSYSTEMS- GITHUB\\Nieuwe map (3)\\THYNK ORDNER PRODUCTION\\FINAL-STATUS-REPORT.md",
    "Name": "FINAL-STATUS-REPORT.md",
    "Directory": {
      "Name": "THYNK ORDNER PRODUCTION",
      "Parent": "D:\\busineshuboffline CHATGTP\\TOGETHERSYSTEMS- GITHUB\\Nieuwe map (3)",
      "Root": "D:\\",
      "Exists": true,
      "FullName": "D:\\busineshuboffline CHATGTP\\TOGETHERSYSTEMS- GITHUB\\Nieuwe map (3)\\THYNK ORDNER PRODUCTION",
      "Extension": "",
      "CreationTime": "2025-11-29T15:43:50.9047872+01:00",
      "CreationTimeUtc": "2025-11-29T14:43:50.9047872Z",
      "LastAccessTime": "2025-11-29T19:29:44.7665691+01:00",
      "LastAccessTimeUtc": "2025-11-29T18:29:44.7665691Z",
      "LastWriteTime": "2025-11-29T19:29:44.747098+01:00",
      "LastWriteTimeUtc": "2025-11-29T18:29:44.747098Z",
      "LinkTarget": null,
      "UnixFileMode": -1,
      "Attributes": 16
    }
  },
  {
    "FullName": "D:\\busineshuboffline CHATGTP\\TOGETHERSYSTEMS- GITHUB\\Nieuwe map (3)\\THYNK ORDNER PRODUCTION\\FINAL-TEST-AND-DOCUMENTATION-REPORT.md",
    "Name": "FINAL-TEST-AND-DOCUMENTATION-REPORT.md",
    "Directory": {
      "Name": "THYNK ORDNER PRODUCTION",
      "Parent": "D:\\busineshuboffline CHATGTP\\TOGETHERSYSTEMS- GITHUB\\Nieuwe map (3)",
      "Root": "D:\\",
      "Exists": true,
      "FullName": "D:\\busineshuboffline CHATGTP\\TOGETHERSYSTEMS- GITHUB\\Nieuwe map (3)\\THYNK ORDNER PRODUCTION",
      "Extension": "",
      "CreationTime": "2025-11-29T15:43:50.9047872+01:00",
      "CreationTimeUtc": "2025-11-29T14:43:50.9047872Z",
      "LastAccessTime": "2025-11-29T19:29:44.7665691+01:00",
      "LastAccessTimeUtc": "2025-11-29T18:29:44.7665691Z",
      "LastWriteTime": "2025-11-29T19:29:44.747098+01:00",
      "LastWriteTimeUtc": "2025-11-29T18:29:44.747098Z",
      "LinkTarget": null,
      "UnixFileMode": -1,
      "Attributes": 16
    }
  },
  {
    "FullName": "D:\\busineshuboffline CHATGTP\\TOGETHERSYSTEMS- GITHUB\\Nieuwe map (3)\\THYNK ORDNER PRODUCTION\\IMPLEMENTATIE-PLAN-NL.md",
    "Name": "IMPLEMENTATIE-PLAN-NL.md",
    "Directory": {
      "Name": "THYNK ORDNER PRODUCTION",
      "Parent": "D:\\busineshuboffline CHATGTP\\TOGETHERSYSTEMS- GITHUB\\Nieuwe map (3)",
      "Root": "D:\\",
      "Exists": true,
      "FullName": "D:\\busineshuboffline CHATGTP\\TOGETHERSYSTEMS- GITHUB\\Nieuwe map (3)\\THYNK ORDNER PRODUCTION",
      "Extension": "",
      "CreationTime": "2025-11-29T15:43:50.9047872+01:00",
      "CreationTimeUtc": "2025-11-29T14:43:50.9047872Z",
      "LastAccessTime": "2025-11-29T19:29:44.7665691+01:00",
      "LastAccessTimeUtc": "2025-11-29T18:29:44.7665691Z",
      "LastWriteTime": "2025-11-29T19:29:44.747098+01:00",
      "LastWriteTimeUtc": "2025-11-29T18:29:44.747098Z",
      "LinkTarget": null,
      "UnixFileMode": -1,
      "Attributes": 16
    }
  },
  {
    "FullName": "D:\\busineshuboffline CHATGTP\\TOGETHERSYSTEMS- GITHUB\\Nieuwe map (3)\\THYNK ORDNER PRODUCTION\\INDEX.md",
    "Name": "INDEX.md",
    "Directory": {
      "Name": "THYNK ORDNER PRODUCTION",
      "Parent": "D:\\busineshuboffline CHATGTP\\TOGETHERSYSTEMS- GITHUB\\Nieuwe map (3)",
      "Root": "D:\\",
      "Exists": true,
      "FullName": "D:\\busineshuboffline CHATGTP\\TOGETHERSYSTEMS- GITHUB\\Nieuwe map (3)\\THYNK ORDNER PRODUCTION",
      "Extension": "",
      "CreationTime": "2025-11-29T15:43:50.9047872+01:00",
      "CreationTimeUtc": "2025-11-29T14:43:50.9047872Z",
      "LastAccessTime": "2025-11-29T19:29:44.7665691+01:00",
      "LastAccessTimeUtc": "2025-11-29T18:29:44.7665691Z",
      "LastWriteTime": "2025-11-29T19:29:44.747098+01:00",
      "LastWriteTimeUtc": "2025-11-29T18:29:44.747098Z",
      "LinkTarget": null,
      "UnixFileMode": -1,
      "Attributes": 16
    }
  },
  {
    "FullName": "D:\\busineshuboffline CHATGTP\\TOGETHERSYSTEMS- GITHUB\\Nieuwe map (3)\\THYNK ORDNER PRODUCTION\\KALKULATIONSRECHNUNGSANTRAG-VOLLSTAENDIG.md",
    "Name": "KALKULATIONSRECHNUNGSANTRAG-VOLLSTAENDIG.md",
    "Directory": {
      "Name": "THYNK ORDNER PRODUCTION",
      "Parent": "D:\\busineshuboffline CHATGTP\\TOGETHERSYSTEMS- GITHUB\\Nieuwe map (3)",
      "Root": "D:\\",
      "Exists": true,
      "FullName": "D:\\busineshuboffline CHATGTP\\TOGETHERSYSTEMS- GITHUB\\Nieuwe map (3)\\THYNK ORDNER PRODUCTION",
      "Extension": "",
      "CreationTime": "2025-11-29T15:43:50.9047872+01:00",
      "CreationTimeUtc": "2025-11-29T14:43:50.9047872Z",
      "LastAccessTime": "2025-11-29T19:29:44.7665691+01:00",
      "LastAccessTimeUtc": "2025-11-29T18:29:44.7665691Z",
      "LastWriteTime": "2025-11-29T19:29:44.747098+01:00",
      "LastWriteTimeUtc": "2025-11-29T18:29:44.747098Z",
      "LinkTarget": null,
      "UnixFileMode": -1,
      "Attributes": 16
    }
  },
  {
    "FullName": "D:\\busineshuboffline CHATGTP\\TOGETHERSYSTEMS- GITHUB\\Nieuwe map (3)\\THYNK ORDNER PRODUCTION\\LOCAL-DEPLOY-INFO.md",
    "Name": "LOCAL-DEPLOY-INFO.md",
    "Directory": {
      "Name": "THYNK ORDNER PRODUCTION",
      "Parent": "D:\\busineshuboffline CHATGTP\\TOGETHERSYSTEMS- GITHUB\\Nieuwe map (3)",
      "Root": "D:\\",
      "Exists": true,
      "FullName": "D:\\busineshuboffline CHATGTP\\TOGETHERSYSTEMS- GITHUB\\Nieuwe map (3)\\THYNK ORDNER PRODUCTION",
      "Extension": "",
      "CreationTime": "2025-11-29T15:43:50.9047872+01:00",
      "CreationTimeUtc": "2025-11-29T14:43:50.9047872Z",
      "LastAccessTime": "2025-11-29T19:29:44.7665691+01:00",
      "LastAccessTimeUtc": "2025-11-29T18:29:44.7665691Z",
      "LastWriteTime": "2025-11-29T19:29:44.747098+01:00",
      "LastWriteTimeUtc": "2025-11-29T18:29:44.747098Z",
      "LinkTarget": null,
      "UnixFileMode": -1,
      "Attributes": 16
    }
  },
  {
    "FullName": "D:\\busineshuboffline CHATGTP\\TOGETHERSYSTEMS- GITHUB\\Nieuwe map (3)\\THYNK ORDNER PRODUCTION\\NAVIGATION-EXTRAKTION-INFO.md",
    "Name": "NAVIGATION-EXTRAKTION-INFO.md",
    "Directory": {
      "Name": "THYNK ORDNER PRODUCTION",
      "Parent": "D:\\busineshuboffline CHATGTP\\TOGETHERSYSTEMS- GITHUB\\Nieuwe map (3)",
      "Root": "D:\\",
      "Exists": true,
      "FullName": "D:\\busineshuboffline CHATGTP\\TOGETHERSYSTEMS- GITHUB\\Nieuwe map (3)\\THYNK ORDNER PRODUCTION",
      "Extension": "",
      "CreationTime": "2025-11-29T15:43:50.9047872+01:00",
      "CreationTimeUtc": "2025-11-29T14:43:50.9047872Z",
      "LastAccessTime": "2025-11-29T19:29:44.7665691+01:00",
      "LastAccessTimeUtc": "2025-11-29T18:29:44.7665691Z",
      "LastWriteTime": "2025-11-29T19:29:44.747098+01:00",
      "LastWriteTimeUtc": "2025-11-29T18:29:44.747098Z",
      "LinkTarget": null,
      "UnixFileMode": -1,
      "Attributes": 16
    }
  },
  {
    "FullName": "D:\\busineshuboffline CHATGTP\\TOGETHERSYSTEMS- GITHUB\\Nieuwe map (3)\\THYNK ORDNER PRODUCTION\\ONE-CLICK-DEPLOYMENT-READY.md",
    "Name": "ONE-CLICK-DEPLOYMENT-READY.md",
    "Directory": {
      "Name": "THYNK ORDNER PRODUCTION",
      "Parent": "D:\\busineshuboffline CHATGTP\\TOGETHERSYSTEMS- GITHUB\\Nieuwe map (3)",
      "Root": "D:\\",
      "Exists": true,
      "FullName": "D:\\busineshuboffline CHATGTP\\TOGETHERSYSTEMS- GITHUB\\Nieuwe map (3)\\THYNK ORDNER PRODUCTION",
      "Extension": "",
      "CreationTime": "2025-11-29T15:43:50.9047872+01:00",
      "CreationTimeUtc": "2025-11-29T14:43:50.9047872Z",
      "LastAccessTime": "2025-11-29T19:29:44.7665691+01:00",
      "LastAccessTimeUtc": "2025-11-29T18:29:44.7665691Z",
      "LastWriteTime": "2025-11-29T19:29:44.747098+01:00",
      "LastWriteTimeUtc": "2025-11-29T18:29:44.747098Z",
      "LinkTarget": null,
      "UnixFileMode": -1,
      "Attributes": 16
    }
  },
  {
    "FullName": "D:\\busineshuboffline CHATGTP\\TOGETHERSYSTEMS- GITHUB\\Nieuwe map (3)\\THYNK ORDNER PRODUCTION\\ORGANISATION-ANLEITUNG.md",
    "Name": "ORGANISATION-ANLEITUNG.md",
    "Directory": {
      "Name": "THYNK ORDNER PRODUCTION",
      "Parent": "D:\\busineshuboffline CHATGTP\\TOGETHERSYSTEMS- GITHUB\\Nieuwe map (3)",
      "Root": "D:\\",
      "Exists": true,
      "FullName": "D:\\busineshuboffline CHATGTP\\TOGETHERSYSTEMS- GITHUB\\Nieuwe map (3)\\THYNK ORDNER PRODUCTION",
      "Extension": "",
      "CreationTime": "2025-11-29T15:43:50.9047872+01:00",
      "CreationTimeUtc": "2025-11-29T14:43:50.9047872Z",
      "LastAccessTime": "2025-11-29T19:29:44.7665691+01:00",
      "LastAccessTimeUtc": "2025-11-29T18:29:44.7665691Z",
      "LastWriteTime": "2025-11-29T19:29:44.747098+01:00",
      "LastWriteTimeUtc": "2025-11-29T18:29:44.747098Z",
      "LinkTarget": null,
      "UnixFileMode": -1,
      "Attributes": 16
    }
  },
  {
    "FullName": "D:\\busineshuboffline CHATGTP\\TOGETHERSYSTEMS- GITHUB\\Nieuwe map (3)\\THYNK ORDNER PRODUCTION\\ORIGINAL-STRUCTURE-HINWEIS.md",
    "Name": "ORIGINAL-STRUCTURE-HINWEIS.md",
    "Directory": {
      "Name": "THYNK ORDNER PRODUCTION",
      "Parent": "D:\\busineshuboffline CHATGTP\\TOGETHERSYSTEMS- GITHUB\\Nieuwe map (3)",
      "Root": "D:\\",
      "Exists": true,
      "FullName": "D:\\busineshuboffline CHATGTP\\TOGETHERSYSTEMS- GITHUB\\Nieuwe map (3)\\THYNK ORDNER PRODUCTION",
      "Extension": "",
      "CreationTime": "2025-11-29T15:43:50.9047872+01:00",
      "CreationTimeUtc": "2025-11-29T14:43:50.9047872Z",
      "LastAccessTime": "2025-11-29T19:29:44.7665691+01:00",
      "LastAccessTimeUtc": "2025-11-29T18:29:44.7665691Z",
      "LastWriteTime": "2025-11-29T19:29:44.747098+01:00",
      "LastWriteTimeUtc": "2025-11-29T18:29:44.747098Z",
      "LinkTarget": null,
      "UnixFileMode": -1,
      "Attributes": 16
    }
  },
  {
    "FullName": "D:\\busineshuboffline CHATGTP\\TOGETHERSYSTEMS- GITHUB\\Nieuwe map (3)\\THYNK ORDNER PRODUCTION\\PRUEFUNGSERGEBNISSE-DE.md",
    "Name": "PRUEFUNGSERGEBNISSE-DE.md",
    "Directory": {
      "Name": "THYNK ORDNER PRODUCTION",
      "Parent": "D:\\busineshuboffline CHATGTP\\TOGETHERSYSTEMS- GITHUB\\Nieuwe map (3)",
      "Root": "D:\\",
      "Exists": true,
      "FullName": "D:\\busineshuboffline CHATGTP\\TOGETHERSYSTEMS- GITHUB\\Nieuwe map (3)\\THYNK ORDNER PRODUCTION",
      "Extension": "",
      "CreationTime": "2025-11-29T15:43:50.9047872+01:00",
      "CreationTimeUtc": "2025-11-29T14:43:50.9047872Z",
      "LastAccessTime": "2025-11-29T19:29:44.7665691+01:00",
      "LastAccessTimeUtc": "2025-11-29T18:29:44.7665691Z",
      "LastWriteTime": "2025-11-29T19:29:44.747098+01:00",
      "LastWriteTimeUtc": "2025-11-29T18:29:44.747098Z",
      "LinkTarget": null,
      "UnixFileMode": -1,
      "Attributes": 16
    }
  },
  {
    "FullName": "D:\\busineshuboffline CHATGTP\\TOGETHERSYSTEMS- GITHUB\\Nieuwe map (3)\\THYNK ORDNER PRODUCTION\\README-DE.md",
    "Name": "README-DE.md",
    "Directory": {
      "Name": "THYNK ORDNER PRODUCTION",
      "Parent": "D:\\busineshuboffline CHATGTP\\TOGETHERSYSTEMS- GITHUB\\Nieuwe map (3)",
      "Root": "D:\\",
      "Exists": true,
      "FullName": "D:\\busineshuboffline CHATGTP\\TOGETHERSYSTEMS- GITHUB\\Nieuwe map (3)\\THYNK ORDNER PRODUCTION",
      "Extension": "",
      "CreationTime": "2025-11-29T15:43:50.9047872+01:00",
      "CreationTimeUtc": "2025-11-29T14:43:50.9047872Z",
      "LastAccessTime": "2025-11-29T19:29:44.7665691+01:00",
      "LastAccessTimeUtc": "2025-11-29T18:29:44.7665691Z",
      "LastWriteTime": "2025-11-29T19:29:44.747098+01:00",
      "LastWriteTimeUtc": "2025-11-29T18:29:44.747098Z",
      "LinkTarget": null,
      "UnixFileMode": -1,
      "Attributes": 16
    }
  },
  {
    "FullName": "D:\\busineshuboffline CHATGTP\\TOGETHERSYSTEMS- GITHUB\\Nieuwe map (3)\\THYNK ORDNER PRODUCTION\\README-EN.md",
    "Name": "README-EN.md",
    "Directory": {
      "Name": "THYNK ORDNER PRODUCTION",
      "Parent": "D:\\busineshuboffline CHATGTP\\TOGETHERSYSTEMS- GITHUB\\Nieuwe map (3)",
      "Root": "D:\\",
      "Exists": true,
      "FullName": "D:\\busineshuboffline CHATGTP\\TOGETHERSYSTEMS- GITHUB\\Nieuwe map (3)\\THYNK ORDNER PRODUCTION",
      "Extension": "",
      "CreationTime": "2025-11-29T15:43:50.9047872+01:00",
      "CreationTimeUtc": "2025-11-29T14:43:50.9047872Z",
      "LastAccessTime": "2025-11-29T19:29:44.7665691+01:00",
      "LastAccessTimeUtc": "2025-11-29T18:29:44.7665691Z",
      "LastWriteTime": "2025-11-29T19:29:44.747098+01:00",
      "LastWriteTimeUtc": "2025-11-29T18:29:44.747098Z",
      "LinkTarget": null,
      "UnixFileMode": -1,
      "Attributes": 16
    }
  },
  {
    "FullName": "D:\\busineshuboffline CHATGTP\\TOGETHERSYSTEMS- GITHUB\\Nieuwe map (3)\\THYNK ORDNER PRODUCTION\\README-NL.md",
    "Name": "README-NL.md",
    "Directory": {
      "Name": "THYNK ORDNER PRODUCTION",
      "Parent": "D:\\busineshuboffline CHATGTP\\TOGETHERSYSTEMS- GITHUB\\Nieuwe map (3)",
      "Root": "D:\\",
      "Exists": true,
      "FullName": "D:\\busineshuboffline CHATGTP\\TOGETHERSYSTEMS- GITHUB\\Nieuwe map (3)\\THYNK ORDNER PRODUCTION",
      "Extension": "",
      "CreationTime": "2025-11-29T15:43:50.9047872+01:00",
      "CreationTimeUtc": "2025-11-29T14:43:50.9047872Z",
      "LastAccessTime": "2025-11-29T19:29:44.7665691+01:00",
      "LastAccessTimeUtc": "2025-11-29T18:29:44.7665691Z",
      "LastWriteTime": "2025-11-29T19:29:44.747098+01:00",
      "LastWriteTimeUtc": "2025-11-29T18:29:44.747098Z",
      "LinkTarget": null,
      "UnixFileMode": -1,
      "Attributes": 16
    }
  },
  {
    "FullName": "D:\\busineshuboffline CHATGTP\\TOGETHERSYSTEMS- GITHUB\\Nieuwe map (3)\\THYNK ORDNER PRODUCTION\\README-SERVER.md",
    "Name": "README-SERVER.md",
    "Directory": {
      "Name": "THYNK ORDNER PRODUCTION",
      "Parent": "D:\\busineshuboffline CHATGTP\\TOGETHERSYSTEMS- GITHUB\\Nieuwe map (3)",
      "Root": "D:\\",
      "Exists": true,
      "FullName": "D:\\busineshuboffline CHATGTP\\TOGETHERSYSTEMS- GITHUB\\Nieuwe map (3)\\THYNK ORDNER PRODUCTION",
      "Extension": "",
      "CreationTime": "2025-11-29T15:43:50.9047872+01:00",
      "CreationTimeUtc": "2025-11-29T14:43:50.9047872Z",
      "LastAccessTime": "2025-11-29T19:29:44.7665691+01:00",
      "LastAccessTimeUtc": "2025-11-29T18:29:44.7665691Z",
      "LastWriteTime": "2025-11-29T19:29:44.747098+01:00",
      "LastWriteTimeUtc": "2025-11-29T18:29:44.747098Z",
      "LinkTarget": null,
      "UnixFileMode": -1,
      "Attributes": 16
    }
  },
  {
    "FullName": "D:\\busineshuboffline CHATGTP\\TOGETHERSYSTEMS- GITHUB\\Nieuwe map (3)\\THYNK ORDNER PRODUCTION\\RECHNUNG-DE-BETREIBER-PARTNER.md",
    "Name": "RECHNUNG-DE-BETREIBER-PARTNER.md",
    "Directory": {
      "Name": "THYNK ORDNER PRODUCTION",
      "Parent": "D:\\busineshuboffline CHATGTP\\TOGETHERSYSTEMS- GITHUB\\Nieuwe map (3)",
      "Root": "D:\\",
      "Exists": true,
      "FullName": "D:\\busineshuboffline CHATGTP\\TOGETHERSYSTEMS- GITHUB\\Nieuwe map (3)\\THYNK ORDNER PRODUCTION",
      "Extension": "",
      "CreationTime": "2025-11-29T15:43:50.9047872+01:00",
      "CreationTimeUtc": "2025-11-29T14:43:50.9047872Z",
      "LastAccessTime": "2025-11-29T19:29:44.7665691+01:00",
      "LastAccessTimeUtc": "2025-11-29T18:29:44.7665691Z",
      "LastWriteTime": "2025-11-29T19:29:44.747098+01:00",
      "LastWriteTimeUtc": "2025-11-29T18:29:44.747098Z",
      "LinkTarget": null,
      "UnixFileMode": -1,
      "Attributes": 16
    }
  },
  {
    "FullName": "D:\\busineshuboffline CHATGTP\\TOGETHERSYSTEMS- GITHUB\\Nieuwe map (3)\\THYNK ORDNER PRODUCTION\\SAMENVATTING-VOLLEDIG.md",
    "Name": "SAMENVATTING-VOLLEDIG.md",
    "Directory": {
      "Name": "THYNK ORDNER PRODUCTION",
      "Parent": "D:\\busineshuboffline CHATGTP\\TOGETHERSYSTEMS- GITHUB\\Nieuwe map (3)",
      "Root": "D:\\",
      "Exists": true,
      "FullName": "D:\\busineshuboffline CHATGTP\\TOGETHERSYSTEMS- GITHUB\\Nieuwe map (3)\\THYNK ORDNER PRODUCTION",
      "Extension": "",
      "CreationTime": "2025-11-29T15:43:50.9047872+01:00",
      "CreationTimeUtc": "2025-11-29T14:43:50.9047872Z",
      "LastAccessTime": "2025-11-29T19:29:44.7665691+01:00",
      "LastAccessTimeUtc": "2025-11-29T18:29:44.7665691Z",
      "LastWriteTime": "2025-11-29T19:29:44.747098+01:00",
      "LastWriteTimeUtc": "2025-11-29T18:29:44.747098Z",
      "LinkTarget": null,
      "UnixFileMode": -1,
      "Attributes": 16
    }
  },
  {
    "FullName": "D:\\busineshuboffline CHATGTP\\TOGETHERSYSTEMS- GITHUB\\Nieuwe map (3)\\THYNK ORDNER PRODUCTION\\STATUS-KALKULATION-ANIMATION.md",
    "Name": "STATUS-KALKULATION-ANIMATION.md",
    "Directory": {
      "Name": "THYNK ORDNER PRODUCTION",
      "Parent": "D:\\busineshuboffline CHATGTP\\TOGETHERSYSTEMS- GITHUB\\Nieuwe map (3)",
      "Root": "D:\\",
      "Exists": true,
      "FullName": "D:\\busineshuboffline CHATGTP\\TOGETHERSYSTEMS- GITHUB\\Nieuwe map (3)\\THYNK ORDNER PRODUCTION",
      "Extension": "",
      "CreationTime": "2025-11-29T15:43:50.9047872+01:00",
      "CreationTimeUtc": "2025-11-29T14:43:50.9047872Z",
      "LastAccessTime": "2025-11-29T19:29:44.7665691+01:00",
      "LastAccessTimeUtc": "2025-11-29T18:29:44.7665691Z",
      "LastWriteTime": "2025-11-29T19:29:44.747098+01:00",
      "LastWriteTimeUtc": "2025-11-29T18:29:44.747098Z",
      "LinkTarget": null,
      "UnixFileMode": -1,
      "Attributes": 16
    }
  },
  {
    "FullName": "D:\\busineshuboffline CHATGTP\\TOGETHERSYSTEMS- GITHUB\\Nieuwe map (3)\\THYNK ORDNER PRODUCTION\\STATUS-RAPPORT-NL.md",
    "Name": "STATUS-RAPPORT-NL.md",
    "Directory": {
      "Name": "THYNK ORDNER PRODUCTION",
      "Parent": "D:\\busineshuboffline CHATGTP\\TOGETHERSYSTEMS- GITHUB\\Nieuwe map (3)",
      "Root": "D:\\",
      "Exists": true,
      "FullName": "D:\\busineshuboffline CHATGTP\\TOGETHERSYSTEMS- GITHUB\\Nieuwe map (3)\\THYNK ORDNER PRODUCTION",
      "Extension": "",
      "CreationTime": "2025-11-29T15:43:50.9047872+01:00",
      "CreationTimeUtc": "2025-11-29T14:43:50.9047872Z",
      "LastAccessTime": "2025-11-29T19:29:44.7665691+01:00",
      "LastAccessTimeUtc": "2025-11-29T18:29:44.7665691Z",
      "LastWriteTime": "2025-11-29T19:29:44.747098+01:00",
      "LastWriteTimeUtc": "2025-11-29T18:29:44.747098Z",
      "LinkTarget": null,
      "UnixFileMode": -1,
      "Attributes": 16
    }
  },
  {
    "FullName": "D:\\busineshuboffline CHATGTP\\TOGETHERSYSTEMS- GITHUB\\Nieuwe map (3)\\THYNK ORDNER PRODUCTION\\TEST-ALL-DEPLOYMENT-SCRIPTS.md",
    "Name": "TEST-ALL-DEPLOYMENT-SCRIPTS.md",
    "Directory": {
      "Name": "THYNK ORDNER PRODUCTION",
      "Parent": "D:\\busineshuboffline CHATGTP\\TOGETHERSYSTEMS- GITHUB\\Nieuwe map (3)",
      "Root": "D:\\",
      "Exists": true,
      "FullName": "D:\\busineshuboffline CHATGTP\\TOGETHERSYSTEMS- GITHUB\\Nieuwe map (3)\\THYNK ORDNER PRODUCTION",
      "Extension": "",
      "CreationTime": "2025-11-29T15:43:50.9047872+01:00",
      "CreationTimeUtc": "2025-11-29T14:43:50.9047872Z",
      "LastAccessTime": "2025-11-29T19:29:44.7665691+01:00",
      "LastAccessTimeUtc": "2025-11-29T18:29:44.7665691Z",
      "LastWriteTime": "2025-11-29T19:29:44.747098+01:00",
      "LastWriteTimeUtc": "2025-11-29T18:29:44.747098Z",
      "LinkTarget": null,
      "UnixFileMode": -1,
      "Attributes": 16
    }
  },
  {
    "FullName": "D:\\busineshuboffline CHATGTP\\TOGETHERSYSTEMS- GITHUB\\Nieuwe map (3)\\THYNK ORDNER PRODUCTION\\TEST-ANLEITUNG.md",
    "Name": "TEST-ANLEITUNG.md",
    "Directory": {
      "Name": "THYNK ORDNER PRODUCTION",
      "Parent": "D:\\busineshuboffline CHATGTP\\TOGETHERSYSTEMS- GITHUB\\Nieuwe map (3)",
      "Root": "D:\\",
      "Exists": true,
      "FullName": "D:\\busineshuboffline CHATGTP\\TOGETHERSYSTEMS- GITHUB\\Nieuwe map (3)\\THYNK ORDNER PRODUCTION",
      "Extension": "",
      "CreationTime": "2025-11-29T15:43:50.9047872+01:00",
      "CreationTimeUtc": "2025-11-29T14:43:50.9047872Z",
      "LastAccessTime": "2025-11-29T19:29:44.7665691+01:00",
      "LastAccessTimeUtc": "2025-11-29T18:29:44.7665691Z",
      "LastWriteTime": "2025-11-29T19:29:44.747098+01:00",
      "LastWriteTimeUtc": "2025-11-29T18:29:44.747098Z",
      "LinkTarget": null,
      "UnixFileMode": -1,
      "Attributes": 16
    }
  },
  {
    "FullName": "D:\\busineshuboffline CHATGTP\\TOGETHERSYSTEMS- GITHUB\\Nieuwe map (3)\\THYNK ORDNER PRODUCTION\\TEST-HANDBUECHER-VOLLSTAENDIG.md",
    "Name": "TEST-HANDBUECHER-VOLLSTAENDIG.md",
    "Directory": {
      "Name": "THYNK ORDNER PRODUCTION",
      "Parent": "D:\\busineshuboffline CHATGTP\\TOGETHERSYSTEMS- GITHUB\\Nieuwe map (3)",
      "Root": "D:\\",
      "Exists": true,
      "FullName": "D:\\busineshuboffline CHATGTP\\TOGETHERSYSTEMS- GITHUB\\Nieuwe map (3)\\THYNK ORDNER PRODUCTION",
      "Extension": "",
      "CreationTime": "2025-11-29T15:43:50.9047872+01:00",
      "CreationTimeUtc": "2025-11-29T14:43:50.9047872Z",
      "LastAccessTime": "2025-11-29T19:29:44.7665691+01:00",
      "LastAccessTimeUtc": "2025-11-29T18:29:44.7665691Z",
      "LastWriteTime": "2025-11-29T19:29:44.747098+01:00",
      "LastWriteTimeUtc": "2025-11-29T18:29:44.747098Z",
      "LinkTarget": null,
      "UnixFileMode": -1,
      "Attributes": 16
    }
  },
  {
    "FullName": "D:\\busineshuboffline CHATGTP\\TOGETHERSYSTEMS- GITHUB\\Nieuwe map (3)\\THYNK ORDNER PRODUCTION\\TEST-REPORT-FINAL.md",
    "Name": "TEST-REPORT-FINAL.md",
    "Directory": {
      "Name": "THYNK ORDNER PRODUCTION",
      "Parent": "D:\\busineshuboffline CHATGTP\\TOGETHERSYSTEMS- GITHUB\\Nieuwe map (3)",
      "Root": "D:\\",
      "Exists": true,
      "FullName": "D:\\busineshuboffline CHATGTP\\TOGETHERSYSTEMS- GITHUB\\Nieuwe map (3)\\THYNK ORDNER PRODUCTION",
      "Extension": "",
      "CreationTime": "2025-11-29T15:43:50.9047872+01:00",
      "CreationTimeUtc": "2025-11-29T14:43:50.9047872Z",
      "LastAccessTime": "2025-11-29T19:29:44.7665691+01:00",
      "LastAccessTimeUtc": "2025-11-29T18:29:44.7665691Z",
      "LastWriteTime": "2025-11-29T19:29:44.747098+01:00",
      "LastWriteTimeUtc": "2025-11-29T18:29:44.747098Z",
      "LinkTarget": null,
      "UnixFileMode": -1,
      "Attributes": 16
    }
  },
  {
    "FullName": "D:\\busineshuboffline CHATGTP\\TOGETHERSYSTEMS- GITHUB\\Nieuwe map (3)\\THYNK ORDNER PRODUCTION\\TEST-SUITE-HANDBUECHER-KOMPLETT.md",
    "Name": "TEST-SUITE-HANDBUECHER-KOMPLETT.md",
    "Directory": {
      "Name": "THYNK ORDNER PRODUCTION",
      "Parent": "D:\\busineshuboffline CHATGTP\\TOGETHERSYSTEMS- GITHUB\\Nieuwe map (3)",
      "Root": "D:\\",
      "Exists": true,
      "FullName": "D:\\busineshuboffline CHATGTP\\TOGETHERSYSTEMS- GITHUB\\Nieuwe map (3)\\THYNK ORDNER PRODUCTION",
      "Extension": "",
      "CreationTime": "2025-11-29T15:43:50.9047872+01:00",
      "CreationTimeUtc": "2025-11-29T14:43:50.9047872Z",
      "LastAccessTime": "2025-11-29T19:29:44.7665691+01:00",
      "LastAccessTimeUtc": "2025-11-29T18:29:44.7665691Z",
      "LastWriteTime": "2025-11-29T19:29:44.747098+01:00",
      "LastWriteTimeUtc": "2025-11-29T18:29:44.747098Z",
      "LinkTarget": null,
      "UnixFileMode": -1,
      "Attributes": 16
    }
  },
  {
    "FullName": "D:\\busineshuboffline CHATGTP\\TOGETHERSYSTEMS- GITHUB\\Nieuwe map (3)\\THYNK ORDNER PRODUCTION\\TEST-SUITE-VOLLSTAENDIG.md",
    "Name": "TEST-SUITE-VOLLSTAENDIG.md",
    "Directory": {
      "Name": "THYNK ORDNER PRODUCTION",
      "Parent": "D:\\busineshuboffline CHATGTP\\TOGETHERSYSTEMS- GITHUB\\Nieuwe map (3)",
      "Root": "D:\\",
      "Exists": true,
      "FullName": "D:\\busineshuboffline CHATGTP\\TOGETHERSYSTEMS- GITHUB\\Nieuwe map (3)\\THYNK ORDNER PRODUCTION",
      "Extension": "",
      "CreationTime": "2025-11-29T15:43:50.9047872+01:00",
      "CreationTimeUtc": "2025-11-29T14:43:50.9047872Z",
      "LastAccessTime": "2025-11-29T19:29:44.7665691+01:00",
      "LastAccessTimeUtc": "2025-11-29T18:29:44.7665691Z",
      "LastWriteTime": "2025-11-29T19:29:44.747098+01:00",
      "LastWriteTimeUtc": "2025-11-29T18:29:44.747098Z",
      "LinkTarget": null,
      "UnixFileMode": -1,
      "Attributes": 16
    }
  },
  {
    "FullName": "D:\\busineshuboffline CHATGTP\\TOGETHERSYSTEMS- GITHUB\\Nieuwe map (3)\\THYNK ORDNER PRODUCTION\\TEST-SYSTEM-IMPLEMENTIERT.md",
    "Name": "TEST-SYSTEM-IMPLEMENTIERT.md",
    "Directory": {
      "Name": "THYNK ORDNER PRODUCTION",
      "Parent": "D:\\busineshuboffline CHATGTP\\TOGETHERSYSTEMS- GITHUB\\Nieuwe map (3)",
      "Root": "D:\\",
      "Exists": true,
      "FullName": "D:\\busineshuboffline CHATGTP\\TOGETHERSYSTEMS- GITHUB\\Nieuwe map (3)\\THYNK ORDNER PRODUCTION",
      "Extension": "",
      "CreationTime": "2025-11-29T15:43:50.9047872+01:00",
      "CreationTimeUtc": "2025-11-29T14:43:50.9047872Z",
      "LastAccessTime": "2025-11-29T19:29:44.7665691+01:00",
      "LastAccessTimeUtc": "2025-11-29T18:29:44.7665691Z",
      "LastWriteTime": "2025-11-29T19:29:44.747098+01:00",
      "LastWriteTimeUtc": "2025-11-29T18:29:44.747098Z",
      "LinkTarget": null,
      "UnixFileMode": -1,
      "Attributes": 16
    }
  },
  {
    "FullName": "D:\\busineshuboffline CHATGTP\\TOGETHERSYSTEMS- GITHUB\\Nieuwe map (3)\\THYNK ORDNER PRODUCTION\\THEME-SWITCHER-INFO.md",
    "Name": "THEME-SWITCHER-INFO.md",
    "Directory": {
      "Name": "THYNK ORDNER PRODUCTION",
      "Parent": "D:\\busineshuboffline CHATGTP\\TOGETHERSYSTEMS- GITHUB\\Nieuwe map (3)",
      "Root": "D:\\",
      "Exists": true,
      "FullName": "D:\\busineshuboffline CHATGTP\\TOGETHERSYSTEMS- GITHUB\\Nieuwe map (3)\\THYNK ORDNER PRODUCTION",
      "Extension": "",
      "CreationTime": "2025-11-29T15:43:50.9047872+01:00",
      "CreationTimeUtc": "2025-11-29T14:43:50.9047872Z",
      "LastAccessTime": "2025-11-29T19:29:44.7665691+01:00",
      "LastAccessTimeUtc": "2025-11-29T18:29:44.7665691Z",
      "LastWriteTime": "2025-11-29T19:29:44.747098+01:00",
      "LastWriteTimeUtc": "2025-11-29T18:29:44.747098Z",
      "LinkTarget": null,
      "UnixFileMode": -1,
      "Attributes": 16
    }
  },
  {
    "FullName": "D:\\busineshuboffline CHATGTP\\TOGETHERSYSTEMS- GITHUB\\Nieuwe map (3)\\THYNK ORDNER PRODUCTION\\THYNK-ORDERS-DATEN-SICHERUNG.md",
    "Name": "THYNK-ORDERS-DATEN-SICHERUNG.md",
    "Directory": {
      "Name": "THYNK ORDNER PRODUCTION",
      "Parent": "D:\\busineshuboffline CHATGTP\\TOGETHERSYSTEMS- GITHUB\\Nieuwe map (3)",
      "Root": "D:\\",
      "Exists": true,
      "FullName": "D:\\busineshuboffline CHATGTP\\TOGETHERSYSTEMS- GITHUB\\Nieuwe map (3)\\THYNK ORDNER PRODUCTION",
      "Extension": "",
      "CreationTime": "2025-11-29T15:43:50.9047872+01:00",
      "CreationTimeUtc": "2025-11-29T14:43:50.9047872Z",
      "LastAccessTime": "2025-11-29T19:29:44.7665691+01:00",
      "LastAccessTimeUtc": "2025-11-29T18:29:44.7665691Z",
      "LastWriteTime": "2025-11-29T19:29:44.747098+01:00",
      "LastWriteTimeUtc": "2025-11-29T18:29:44.747098Z",
      "LinkTarget": null,
      "UnixFileMode": -1,
      "Attributes": 16
    }
  },
  {
    "FullName": "D:\\busineshuboffline CHATGTP\\TOGETHERSYSTEMS- GITHUB\\Nieuwe map (3)\\THYNK ORDNER PRODUCTION\\UMBAU-ANPASSUNGEN-ANLEITUNG.md",
    "Name": "UMBAU-ANPASSUNGEN-ANLEITUNG.md",
    "Directory": {
      "Name": "THYNK ORDNER PRODUCTION",
      "Parent": "D:\\busineshuboffline CHATGTP\\TOGETHERSYSTEMS- GITHUB\\Nieuwe map (3)",
      "Root": "D:\\",
      "Exists": true,
      "FullName": "D:\\busineshuboffline CHATGTP\\TOGETHERSYSTEMS- GITHUB\\Nieuwe map (3)\\THYNK ORDNER PRODUCTION",
      "Extension": "",
      "CreationTime": "2025-11-29T15:43:50.9047872+01:00",
      "CreationTimeUtc": "2025-11-29T14:43:50.9047872Z",
      "LastAccessTime": "2025-11-29T19:29:44.7665691+01:00",
      "LastAccessTimeUtc": "2025-11-29T18:29:44.7665691Z",
      "LastWriteTime": "2025-11-29T19:29:44.747098+01:00",
      "LastWriteTimeUtc": "2025-11-29T18:29:44.747098Z",
      "LinkTarget": null,
      "UnixFileMode": -1,
      "Attributes": 16
    }
  },
  {
    "FullName": "D:\\busineshuboffline CHATGTP\\TOGETHERSYSTEMS- GITHUB\\Nieuwe map (3)\\THYNK ORDNER PRODUCTION\\VOLLSTAENDIGE-ALL-PAGES-REPLIKA.md",
    "Name": "VOLLSTAENDIGE-ALL-PAGES-REPLIKA.md",
    "Directory": {
      "Name": "THYNK ORDNER PRODUCTION",
      "Parent": "D:\\busineshuboffline CHATGTP\\TOGETHERSYSTEMS- GITHUB\\Nieuwe map (3)",
      "Root": "D:\\",
      "Exists": true,
      "FullName": "D:\\busineshuboffline CHATGTP\\TOGETHERSYSTEMS- GITHUB\\Nieuwe map (3)\\THYNK ORDNER PRODUCTION",
      "Extension": "",
      "CreationTime": "2025-11-29T15:43:50.9047872+01:00",
      "CreationTimeUtc": "2025-11-29T14:43:50.9047872Z",
      "LastAccessTime": "2025-11-29T19:29:44.7665691+01:00",
      "LastAccessTimeUtc": "2025-11-29T18:29:44.7665691Z",
      "LastWriteTime": "2025-11-29T19:29:44.747098+01:00",
      "LastWriteTimeUtc": "2025-11-29T18:29:44.747098Z",
      "LinkTarget": null,
      "UnixFileMode": -1,
      "Attributes": 16
    }
  },
  {
    "FullName": "D:\\busineshuboffline CHATGTP\\TOGETHERSYSTEMS- GITHUB\\Nieuwe map (3)\\THYNK ORDNER PRODUCTION\\VOLLSTÄNDIGE-IMPLEMENTIERUNG-STATUS.md",
    "Name": "VOLLSTÄNDIGE-IMPLEMENTIERUNG-STATUS.md",
    "Directory": {
      "Name": "THYNK ORDNER PRODUCTION",
      "Parent": "D:\\busineshuboffline CHATGTP\\TOGETHERSYSTEMS- GITHUB\\Nieuwe map (3)",
      "Root": "D:\\",
      "Exists": true,
      "FullName": "D:\\busineshuboffline CHATGTP\\TOGETHERSYSTEMS- GITHUB\\Nieuwe map (3)\\THYNK ORDNER PRODUCTION",
      "Extension": "",
      "CreationTime": "2025-11-29T15:43:50.9047872+01:00",
      "CreationTimeUtc": "2025-11-29T14:43:50.9047872Z",
      "LastAccessTime": "2025-11-29T19:29:44.7665691+01:00",
      "LastAccessTimeUtc": "2025-11-29T18:29:44.7665691Z",
      "LastWriteTime": "2025-11-29T19:29:44.747098+01:00",
      "LastWriteTimeUtc": "2025-11-29T18:29:44.747098Z",
      "LinkTarget": null,
      "UnixFileMode": -1,
      "Attributes": 16
    }
  },
  {
    "FullName": "D:\\busineshuboffline CHATGTP\\TOGETHERSYSTEMS- GITHUB\\Nieuwe map (3)\\THYNK ORDNER PRODUCTION\\WEITERVERTEILUNG-ANLEITUNG.md",
    "Name": "WEITERVERTEILUNG-ANLEITUNG.md",
    "Directory": {
      "Name": "THYNK ORDNER PRODUCTION",
      "Parent": "D:\\busineshuboffline CHATGTP\\TOGETHERSYSTEMS- GITHUB\\Nieuwe map (3)",
      "Root": "D:\\",
      "Exists": true,
      "FullName": "D:\\busineshuboffline CHATGTP\\TOGETHERSYSTEMS- GITHUB\\Nieuwe map (3)\\THYNK ORDNER PRODUCTION",
      "Extension": "",
      "CreationTime": "2025-11-29T15:43:50.9047872+01:00",
      "CreationTimeUtc": "2025-11-29T14:43:50.9047872Z",
      "LastAccessTime": "2025-11-29T19:29:44.7665691+01:00",
      "LastAccessTimeUtc": "2025-11-29T18:29:44.7665691Z",
      "LastWriteTime": "2025-11-29T19:29:44.747098+01:00",
      "LastWriteTimeUtc": "2025-11-29T18:29:44.747098Z",
      "LinkTarget": null,
      "UnixFileMode": -1,
      "Attributes": 16
    }
  },
  {
    "FullName": "D:\\busineshuboffline CHATGTP\\TOGETHERSYSTEMS- GITHUB\\Nieuwe map (3)\\THYNK ORDNER PRODUCTION\\ZUSAMMENFASSUNG-DOKUMENTATION.md",
    "Name": "ZUSAMMENFASSUNG-DOKUMENTATION.md",
    "Directory": {
      "Name": "THYNK ORDNER PRODUCTION",
      "Parent": "D:\\busineshuboffline CHATGTP\\TOGETHERSYSTEMS- GITHUB\\Nieuwe map (3)",
      "Root": "D:\\",
      "Exists": true,
      "FullName": "D:\\busineshuboffline CHATGTP\\TOGETHERSYSTEMS- GITHUB\\Nieuwe map (3)\\THYNK ORDNER PRODUCTION",
      "Extension": "",
      "CreationTime": "2025-11-29T15:43:50.9047872+01:00",
      "CreationTimeUtc": "2025-11-29T14:43:50.9047872Z",
      "LastAccessTime": "2025-11-29T19:29:44.7665691+01:00",
      "LastAccessTimeUtc": "2025-11-29T18:29:44.7665691Z",
      "LastWriteTime": "2025-11-29T19:29:44.747098+01:00",
      "LastWriteTimeUtc": "2025-11-29T18:29:44.747098Z",
      "LinkTarget": null,
      "UnixFileMode": -1,
      "Attributes": 16
    }
  },
  {
    "FullName": "D:\\busineshuboffline CHATGTP\\TOGETHERSYSTEMS- GITHUB\\Nieuwe map (3)\\THYNK ORDNER PRODUCTION\\ZUSATZLICHE-MITTEL-DE.md",
    "Name": "ZUSATZLICHE-MITTEL-DE.md",
    "Directory": {
      "Name": "THYNK ORDNER PRODUCTION",
      "Parent": "D:\\busineshuboffline CHATGTP\\TOGETHERSYSTEMS- GITHUB\\Nieuwe map (3)",
      "Root": "D:\\",
      "Exists": true,
      "FullName": "D:\\busineshuboffline CHATGTP\\TOGETHERSYSTEMS- GITHUB\\Nieuwe map (3)\\THYNK ORDNER PRODUCTION",
      "Extension": "",
      "CreationTime": "2025-11-29T15:43:50.9047872+01:00",
      "CreationTimeUtc": "2025-11-29T14:43:50.9047872Z",
      "LastAccessTime": "2025-11-29T19:29:44.7665691+01:00",
      "LastAccessTimeUtc": "2025-11-29T18:29:44.7665691Z",
      "LastWriteTime": "2025-11-29T19:29:44.747098+01:00",
      "LastWriteTimeUtc": "2025-11-29T18:29:44.747098Z",
      "LinkTarget": null,
      "UnixFileMode": -1,
      "Attributes": 16
    }
  },
  {
    "FullName": "D:\\busineshuboffline CHATGTP\\TOGETHERSYSTEMS- GITHUB\\Nieuwe map (3)\\THYNK ORDNER PRODUCTION\\branding\\ANLEITUNG-COMPLETE-BRANDING.md",
    "Name": "ANLEITUNG-COMPLETE-BRANDING.md",
    "Directory": {
      "Name": "branding",
      "Parent": "D:\\busineshuboffline CHATGTP\\TOGETHERSYSTEMS- GITHUB\\Nieuwe map (3)\\THYNK ORDNER PRODUCTION",
      "Root": "D:\\",
      "Exists": true,
      "FullName": "D:\\busineshuboffline CHATGTP\\TOGETHERSYSTEMS- GITHUB\\Nieuwe map (3)\\THYNK ORDNER PRODUCTION\\branding",
      "Extension": "",
      "CreationTime": "2025-11-29T16:28:20.0938569+01:00",
      "CreationTimeUtc": "2025-11-29T15:28:20.0938569Z",
      "LastAccessTime": "2025-11-29T19:29:44.7622227+01:00",
      "LastAccessTimeUtc": "2025-11-29T18:29:44.7622227Z",
      "LastWriteTime": "2025-11-29T16:33:29.1339816+01:00",
      "LastWriteTimeUtc": "2025-11-29T15:33:29.1339816Z",
      "LinkTarget": null,
      "UnixFileMode": -1,
      "Attributes": 16
    }
  },
  {
    "FullName": "D:\\busineshuboffline CHATGTP\\TOGETHERSYSTEMS- GITHUB\\Nieuwe map (3)\\THYNK ORDNER PRODUCTION\\branding\\README.md",
    "Name": "README.md",
    "Directory": {
      "Name": "branding",
      "Parent": "D:\\busineshuboffline CHATGTP\\TOGETHERSYSTEMS- GITHUB\\Nieuwe map (3)\\THYNK ORDNER PRODUCTION",
      "Root": "D:\\",
      "Exists": true,
      "FullName": "D:\\busineshuboffline CHATGTP\\TOGETHERSYSTEMS- GITHUB\\Nieuwe map (3)\\THYNK ORDNER PRODUCTION\\branding",
      "Extension": "",
      "CreationTime": "2025-11-29T16:28:20.0938569+01:00",
      "CreationTimeUtc": "2025-11-29T15:28:20.0938569Z",
      "LastAccessTime": "2025-11-29T19:29:44.7622227+01:00",
      "LastAccessTimeUtc": "2025-11-29T18:29:44.7622227Z",
      "LastWriteTime": "2025-11-29T16:33:29.1339816+01:00",
      "LastWriteTimeUtc": "2025-11-29T15:33:29.1339816Z",
      "LinkTarget": null,
      "UnixFileMode": -1,
      "Attributes": 16
    }
  },
  {
    "FullName": "D:\\busineshuboffline CHATGTP\\TOGETHERSYSTEMS- GITHUB\\Nieuwe map (3)\\THYNK ORDNER PRODUCTION\\config\\README.md",
    "Name": "README.md",
    "Directory": {
      "Name": "config",
      "Parent": "D:\\busineshuboffline CHATGTP\\TOGETHERSYSTEMS- GITHUB\\Nieuwe map (3)\\THYNK ORDNER PRODUCTION",
      "Root": "D:\\",
      "Exists": true,
      "FullName": "D:\\busineshuboffline CHATGTP\\TOGETHERSYSTEMS- GITHUB\\Nieuwe map (3)\\THYNK ORDNER PRODUCTION\\config",
      "Extension": "",
      "CreationTime": "2025-11-29T16:12:56.2135203+01:00",
      "CreationTimeUtc": "2025-11-29T15:12:56.2135203Z",
      "LastAccessTime": "2025-11-29T19:29:44.7622227+01:00",
      "LastAccessTimeUtc": "2025-11-29T18:29:44.7622227Z",
      "LastWriteTime": "2025-11-29T16:14:13.07532+01:00",
      "LastWriteTimeUtc": "2025-11-29T15:14:13.07532Z",
      "LinkTarget": null,
      "UnixFileMode": -1,
      "Attributes": 16
    }
  },
  {
    "FullName": "D:\\busineshuboffline CHATGTP\\TOGETHERSYSTEMS- GITHUB\\Nieuwe map (3)\\THYNK ORDNER PRODUCTION\\tests\\think-orders\\ALLE-TESTS-AUSFUEHREN.md",
    "Name": "ALLE-TESTS-AUSFUEHREN.md",
    "Directory": {
      "Name": "think-orders",
      "Parent": "D:\\busineshuboffline CHATGTP\\TOGETHERSYSTEMS- GITHUB\\Nieuwe map (3)\\THYNK ORDNER PRODUCTION\\tests",
      "Root": "D:\\",
      "Exists": true,
      "FullName": "D:\\busineshuboffline CHATGTP\\TOGETHERSYSTEMS- GITHUB\\Nieuwe map (3)\\THYNK ORDNER PRODUCTION\\tests\\think-orders",
      "Extension": "",
      "CreationTime": "2025-11-29T18:56:44.3135755+01:00",
      "CreationTimeUtc": "2025-11-29T17:56:44.3135755Z",
      "LastAccessTime": "2025-11-29T19:29:44.763706+01:00",
      "LastAccessTimeUtc": "2025-11-29T18:29:44.763706Z",
      "LastWriteTime": "2025-11-29T19:14:36.6041621+01:00",
      "LastWriteTimeUtc": "2025-11-29T18:14:36.6041621Z",
      "LinkTarget": null,
      "UnixFileMode": -1,
      "Attributes": 16
    }
  },
  {
    "FullName": "D:\\busineshuboffline CHATGTP\\TOGETHERSYSTEMS- GITHUB\\Nieuwe map (3)\\THYNK ORDNER PRODUCTION\\tests\\think-orders\\BILDER-ANLEITUNG.md",
    "Name": "BILDER-ANLEITUNG.md",
    "Directory": {
      "Name": "think-orders",
      "Parent": "D:\\busineshuboffline CHATGTP\\TOGETHERSYSTEMS- GITHUB\\Nieuwe map (3)\\THYNK ORDNER PRODUCTION\\tests",
      "Root": "D:\\",
      "Exists": true,
      "FullName": "D:\\busineshuboffline CHATGTP\\TOGETHERSYSTEMS- GITHUB\\Nieuwe map (3)\\THYNK ORDNER PRODUCTION\\tests\\think-orders",
      "Extension": "",
      "CreationTime": "2025-11-29T18:56:44.3135755+01:00",
      "CreationTimeUtc": "2025-11-29T17:56:44.3135755Z",
      "LastAccessTime": "2025-11-29T19:29:44.763706+01:00",
      "LastAccessTimeUtc": "2025-11-29T18:29:44.763706Z",
      "LastWriteTime": "2025-11-29T19:14:36.6041621+01:00",
      "LastWriteTimeUtc": "2025-11-29T18:14:36.6041621Z",
      "LinkTarget": null,
      "UnixFileMode": -1,
      "Attributes": 16
    }
  },
  {
    "FullName": "D:\\busineshuboffline CHATGTP\\TOGETHERSYSTEMS- GITHUB\\Nieuwe map (3)\\THYNK ORDNER PRODUCTION\\tests\\think-orders\\ERWEITERUNGS-ANLEITUNG.md",
    "Name": "ERWEITERUNGS-ANLEITUNG.md",
    "Directory": {
      "Name": "think-orders",
      "Parent": "D:\\busineshuboffline CHATGTP\\TOGETHERSYSTEMS- GITHUB\\Nieuwe map (3)\\THYNK ORDNER PRODUCTION\\tests",
      "Root": "D:\\",
      "Exists": true,
      "FullName": "D:\\busineshuboffline CHATGTP\\TOGETHERSYSTEMS- GITHUB\\Nieuwe map (3)\\THYNK ORDNER PRODUCTION\\tests\\think-orders",
      "Extension": "",
      "CreationTime": "2025-11-29T18:56:44.3135755+01:00",
      "CreationTimeUtc": "2025-11-29T17:56:44.3135755Z",
      "LastAccessTime": "2025-11-29T19:29:44.763706+01:00",
      "LastAccessTimeUtc": "2025-11-29T18:29:44.763706Z",
      "LastWriteTime": "2025-11-29T19:14:36.6041621+01:00",
      "LastWriteTimeUtc": "2025-11-29T18:14:36.6041621Z",
      "LinkTarget": null,
      "UnixFileMode": -1,
      "Attributes": 16
    }
  },
  {
    "FullName": "D:\\busineshuboffline CHATGTP\\TOGETHERSYSTEMS- GITHUB\\Nieuwe map (3)\\THYNK ORDNER PRODUCTION\\tests\\think-orders\\ERWEITERUNGS-HANDBUCH-VOLLSTAENDIG.md",
    "Name": "ERWEITERUNGS-HANDBUCH-VOLLSTAENDIG.md",
    "Directory": {
      "Name": "think-orders",
      "Parent": "D:\\busineshuboffline CHATGTP\\TOGETHERSYSTEMS- GITHUB\\Nieuwe map (3)\\THYNK ORDNER PRODUCTION\\tests",
      "Root": "D:\\",
      "Exists": true,
      "FullName": "D:\\busineshuboffline CHATGTP\\TOGETHERSYSTEMS- GITHUB\\Nieuwe map (3)\\THYNK ORDNER PRODUCTION\\tests\\think-orders",
      "Extension": "",
      "CreationTime": "2025-11-29T18:56:44.3135755+01:00",
      "CreationTimeUtc": "2025-11-29T17:56:44.3135755Z",
      "LastAccessTime": "2025-11-29T19:29:44.763706+01:00",
      "LastAccessTimeUtc": "2025-11-29T18:29:44.763706Z",
      "LastWriteTime": "2025-11-29T19:14:36.6041621+01:00",
      "LastWriteTimeUtc": "2025-11-29T18:14:36.6041621Z",
      "LinkTarget": null,
      "UnixFileMode": -1,
      "Attributes": 16
    }
  },
  {
    "FullName": "D:\\busineshuboffline CHATGTP\\TOGETHERSYSTEMS- GITHUB\\Nieuwe map (3)\\THYNK ORDNER PRODUCTION\\tests\\think-orders\\FINAL-HANDBUECHER-STATUS.md",
    "Name": "FINAL-HANDBUECHER-STATUS.md",
    "Directory": {
      "Name": "think-orders",
      "Parent": "D:\\busineshuboffline CHATGTP\\TOGETHERSYSTEMS- GITHUB\\Nieuwe map (3)\\THYNK ORDNER PRODUCTION\\tests",
      "Root": "D:\\",
      "Exists": true,
      "FullName": "D:\\busineshuboffline CHATGTP\\TOGETHERSYSTEMS- GITHUB\\Nieuwe map (3)\\THYNK ORDNER PRODUCTION\\tests\\think-orders",
      "Extension": "",
      "CreationTime": "2025-11-29T18:56:44.3135755+01:00",
      "CreationTimeUtc": "2025-11-29T17:56:44.3135755Z",
      "LastAccessTime": "2025-11-29T19:29:44.763706+01:00",
      "LastAccessTimeUtc": "2025-11-29T18:29:44.763706Z",
      "LastWriteTime": "2025-11-29T19:14:36.6041621+01:00",
      "LastWriteTimeUtc": "2025-11-29T18:14:36.6041621Z",
      "LinkTarget": null,
      "UnixFileMode": -1,
      "Attributes": 16
    }
  },
  {
    "FullName": "D:\\busineshuboffline CHATGTP\\TOGETHERSYSTEMS- GITHUB\\Nieuwe map (3)\\THYNK ORDNER PRODUCTION\\tests\\think-orders\\HANDBUCH-DE-KOMPLETT.md",
    "Name": "HANDBUCH-DE-KOMPLETT.md",
    "Directory": {
      "Name": "think-orders",
      "Parent": "D:\\busineshuboffline CHATGTP\\TOGETHERSYSTEMS- GITHUB\\Nieuwe map (3)\\THYNK ORDNER PRODUCTION\\tests",
      "Root": "D:\\",
      "Exists": true,
      "FullName": "D:\\busineshuboffline CHATGTP\\TOGETHERSYSTEMS- GITHUB\\Nieuwe map (3)\\THYNK ORDNER PRODUCTION\\tests\\think-orders",
      "Extension": "",
      "CreationTime": "2025-11-29T18:56:44.3135755+01:00",
      "CreationTimeUtc": "2025-11-29T17:56:44.3135755Z",
      "LastAccessTime": "2025-11-29T19:29:44.763706+01:00",
      "LastAccessTimeUtc": "2025-11-29T18:29:44.763706Z",
      "LastWriteTime": "2025-11-29T19:14:36.6041621+01:00",
      "LastWriteTimeUtc": "2025-11-29T18:14:36.6041621Z",
      "LinkTarget": null,
      "UnixFileMode": -1,
      "Attributes": 16
    }
  },
  {
    "FullName": "D:\\busineshuboffline CHATGTP\\TOGETHERSYSTEMS- GITHUB\\Nieuwe map (3)\\THYNK ORDNER PRODUCTION\\tests\\think-orders\\HANDBUCH-EN-COMPLETE.md",
    "Name": "HANDBUCH-EN-COMPLETE.md",
    "Directory": {
      "Name": "think-orders",
      "Parent": "D:\\busineshuboffline CHATGTP\\TOGETHERSYSTEMS- GITHUB\\Nieuwe map (3)\\THYNK ORDNER PRODUCTION\\tests",
      "Root": "D:\\",
      "Exists": true,
      "FullName": "D:\\busineshuboffline CHATGTP\\TOGETHERSYSTEMS- GITHUB\\Nieuwe map (3)\\THYNK ORDNER PRODUCTION\\tests\\think-orders",
      "Extension": "",
      "CreationTime": "2025-11-29T18:56:44.3135755+01:00",
      "CreationTimeUtc": "2025-11-29T17:56:44.3135755Z",
      "LastAccessTime": "2025-11-29T19:29:44.763706+01:00",
      "LastAccessTimeUtc": "2025-11-29T18:29:44.763706Z",
      "LastWriteTime": "2025-11-29T19:14:36.6041621+01:00",
      "LastWriteTimeUtc": "2025-11-29T18:14:36.6041621Z",
      "LinkTarget": null,
      "UnixFileMode": -1,
      "Attributes": 16
    }
  },
  {
    "FullName": "D:\\busineshuboffline CHATGTP\\TOGETHERSYSTEMS- GITHUB\\Nieuwe map (3)\\THYNK ORDNER PRODUCTION\\tests\\think-orders\\HANDBUCH-INDEX.md",
    "Name": "HANDBUCH-INDEX.md",
    "Directory": {
      "Name": "think-orders",
      "Parent": "D:\\busineshuboffline CHATGTP\\TOGETHERSYSTEMS- GITHUB\\Nieuwe map (3)\\THYNK ORDNER PRODUCTION\\tests",
      "Root": "D:\\",
      "Exists": true,
      "FullName": "D:\\busineshuboffline CHATGTP\\TOGETHERSYSTEMS- GITHUB\\Nieuwe map (3)\\THYNK ORDNER PRODUCTION\\tests\\think-orders",
      "Extension": "",
      "CreationTime": "2025-11-29T18:56:44.3135755+01:00",
      "CreationTimeUtc": "2025-11-29T17:56:44.3135755Z",
      "LastAccessTime": "2025-11-29T19:29:44.763706+01:00",
      "LastAccessTimeUtc": "2025-11-29T18:29:44.763706Z",
      "LastWriteTime": "2025-11-29T19:14:36.6041621+01:00",
      "LastWriteTimeUtc": "2025-11-29T18:14:36.6041621Z",
      "LinkTarget": null,
      "UnixFileMode": -1,
      "Attributes": 16
    }
  },
  {
    "FullName": "D:\\busineshuboffline CHATGTP\\TOGETHERSYSTEMS- GITHUB\\Nieuwe map (3)\\THYNK ORDNER PRODUCTION\\tests\\think-orders\\HANDBUCH-NL-KOMPLETT.md",
    "Name": "HANDBUCH-NL-KOMPLETT.md",
    "Directory": {
      "Name": "think-orders",
      "Parent": "D:\\busineshuboffline CHATGTP\\TOGETHERSYSTEMS- GITHUB\\Nieuwe map (3)\\THYNK ORDNER PRODUCTION\\tests",
      "Root": "D:\\",
      "Exists": true,
      "FullName": "D:\\busineshuboffline CHATGTP\\TOGETHERSYSTEMS- GITHUB\\Nieuwe map (3)\\THYNK ORDNER PRODUCTION\\tests\\think-orders",
      "Extension": "",
      "CreationTime": "2025-11-29T18:56:44.3135755+01:00",
      "CreationTimeUtc": "2025-11-29T17:56:44.3135755Z",
      "LastAccessTime": "2025-11-29T19:29:44.763706+01:00",
      "LastAccessTimeUtc": "2025-11-29T18:29:44.763706Z",
      "LastWriteTime": "2025-11-29T19:14:36.6041621+01:00",
      "LastWriteTimeUtc": "2025-11-29T18:14:36.6041621Z",
      "LinkTarget": null,
      "UnixFileMode": -1,
      "Attributes": 16
    }
  },
  {
    "FullName": "D:\\busineshuboffline CHATGTP\\TOGETHERSYSTEMS- GITHUB\\Nieuwe map (3)\\THYNK ORDNER PRODUCTION\\tests\\think-orders\\HANDBUECHER-ZUSAMMENFASSUNG.md",
    "Name": "HANDBUECHER-ZUSAMMENFASSUNG.md",
    "Directory": {
      "Name": "think-orders",
      "Parent": "D:\\busineshuboffline CHATGTP\\TOGETHERSYSTEMS- GITHUB\\Nieuwe map (3)\\THYNK ORDNER PRODUCTION\\tests",
      "Root": "D:\\",
      "Exists": true,
      "FullName": "D:\\busineshuboffline CHATGTP\\TOGETHERSYSTEMS- GITHUB\\Nieuwe map (3)\\THYNK ORDNER PRODUCTION\\tests\\think-orders",
      "Extension": "",
      "CreationTime": "2025-11-29T18:56:44.3135755+01:00",
      "CreationTimeUtc": "2025-11-29T17:56:44.3135755Z",
      "LastAccessTime": "2025-11-29T19:29:44.763706+01:00",
      "LastAccessTimeUtc": "2025-11-29T18:29:44.763706Z",
      "LastWriteTime": "2025-11-29T19:14:36.6041621+01:00",
      "LastWriteTimeUtc": "2025-11-29T18:14:36.6041621Z",
      "LinkTarget": null,
      "UnixFileMode": -1,
      "Attributes": 16
    }
  },
  {
    "FullName": "D:\\busineshuboffline CHATGTP\\TOGETHERSYSTEMS- GITHUB\\Nieuwe map (3)\\THYNK ORDNER PRODUCTION\\tests\\think-orders\\README.md",
    "Name": "README.md",
    "Directory": {
      "Name": "think-orders",
      "Parent": "D:\\busineshuboffline CHATGTP\\TOGETHERSYSTEMS- GITHUB\\Nieuwe map (3)\\THYNK ORDNER PRODUCTION\\tests",
      "Root": "D:\\",
      "Exists": true,
      "FullName": "D:\\busineshuboffline CHATGTP\\TOGETHERSYSTEMS- GITHUB\\Nieuwe map (3)\\THYNK ORDNER PRODUCTION\\tests\\think-orders",
      "Extension": "",
      "CreationTime": "2025-11-29T18:56:44.3135755+01:00",
      "CreationTimeUtc": "2025-11-29T17:56:44.3135755Z",
      "LastAccessTime": "2025-11-29T19:29:44.763706+01:00",
      "LastAccessTimeUtc": "2025-11-29T18:29:44.763706Z",
      "LastWriteTime": "2025-11-29T19:14:36.6041621+01:00",
      "LastWriteTimeUtc": "2025-11-29T18:14:36.6041621Z",
      "LinkTarget": null,
      "UnixFileMode": -1,
      "Attributes": 16
    }
  },
  {
    "FullName": "D:\\busineshuboffline CHATGTP\\TOGETHERSYSTEMS- GITHUB\\Nieuwe map (3)\\THYNK ORDNER PRODUCTION\\tests\\think-orders\\START-HIER-DUMMIES.md",
    "Name": "START-HIER-DUMMIES.md",
    "Directory": {
      "Name": "think-orders",
      "Parent": "D:\\busineshuboffline CHATGTP\\TOGETHERSYSTEMS- GITHUB\\Nieuwe map (3)\\THYNK ORDNER PRODUCTION\\tests",
      "Root": "D:\\",
      "Exists": true,
      "FullName": "D:\\busineshuboffline CHATGTP\\TOGETHERSYSTEMS- GITHUB\\Nieuwe map (3)\\THYNK ORDNER PRODUCTION\\tests\\think-orders",
      "Extension": "",
      "CreationTime": "2025-11-29T18:56:44.3135755+01:00",
      "CreationTimeUtc": "2025-11-29T17:56:44.3135755Z",
      "LastAccessTime": "2025-11-29T19:29:44.763706+01:00",
      "LastAccessTimeUtc": "2025-11-29T18:29:44.763706Z",
      "LastWriteTime": "2025-11-29T19:14:36.6041621+01:00",
      "LastWriteTimeUtc": "2025-11-29T18:14:36.6041621Z",
      "LinkTarget": null,
      "UnixFileMode": -1,
      "Attributes": 16
    }
  },
  {
    "FullName": "D:\\busineshuboffline CHATGTP\\TOGETHERSYSTEMS- GITHUB\\Nieuwe map (3)\\THYNK ORDNER PRODUCTION\\tests\\think-orders\\START-HIER.md",
    "Name": "START-HIER.md",
    "Directory": {
      "Name": "think-orders",
      "Parent": "D:\\busineshuboffline CHATGTP\\TOGETHERSYSTEMS- GITHUB\\Nieuwe map (3)\\THYNK ORDNER PRODUCTION\\tests",
      "Root": "D:\\",
      "Exists": true,
      "FullName": "D:\\busineshuboffline CHATGTP\\TOGETHERSYSTEMS- GITHUB\\Nieuwe map (3)\\THYNK ORDNER PRODUCTION\\tests\\think-orders",
      "Extension": "",
      "CreationTime": "2025-11-29T18:56:44.3135755+01:00",
      "CreationTimeUtc": "2025-11-29T17:56:44.3135755Z",
      "LastAccessTime": "2025-11-29T19:29:44.763706+01:00",
      "LastAccessTimeUtc": "2025-11-29T18:29:44.763706Z",
      "LastWriteTime": "2025-11-29T19:14:36.6041621+01:00",
      "LastWriteTimeUtc": "2025-11-29T18:14:36.6041621Z",
      "LinkTarget": null,
      "UnixFileMode": -1,
      "Attributes": 16
    }
  },
  {
    "FullName": "D:\\busineshuboffline CHATGTP\\TOGETHERSYSTEMS- GITHUB\\Nieuwe map (3)\\THYNK ORDNER PRODUCTION\\tests\\think-orders\\TEST-FEATURES.md",
    "Name": "TEST-FEATURES.md",
    "Directory": {
      "Name": "think-orders",
      "Parent": "D:\\busineshuboffline CHATGTP\\TOGETHERSYSTEMS- GITHUB\\Nieuwe map (3)\\THYNK ORDNER PRODUCTION\\tests",
      "Root": "D:\\",
      "Exists": true,
      "FullName": "D:\\busineshuboffline CHATGTP\\TOGETHERSYSTEMS- GITHUB\\Nieuwe map (3)\\THYNK ORDNER PRODUCTION\\tests\\think-orders",
      "Extension": "",
      "CreationTime": "2025-11-29T18:56:44.3135755+01:00",
      "CreationTimeUtc": "2025-11-29T17:56:44.3135755Z",
      "LastAccessTime": "2025-11-29T19:29:44.763706+01:00",
      "LastAccessTimeUtc": "2025-11-29T18:29:44.763706Z",
      "LastWriteTime": "2025-11-29T19:14:36.6041621+01:00",
      "LastWriteTimeUtc": "2025-11-29T18:14:36.6041621Z",
      "LinkTarget": null,
      "UnixFileMode": -1,
      "Attributes": 16
    }
  },
  {
    "FullName": "D:\\busineshuboffline CHATGTP\\TOGETHERSYSTEMS- GITHUB\\Nieuwe map (3)\\THYNK ORDNER PRODUCTION\\THYNK-ORDERS-FINAL\\README-DE.md",
    "Name": "README-DE.md",
    "Directory": {
      "Name": "THYNK-ORDERS-FINAL",
      "Parent": "D:\\busineshuboffline CHATGTP\\TOGETHERSYSTEMS- GITHUB\\Nieuwe map (3)\\THYNK ORDNER PRODUCTION",
      "Root": "D:\\",
      "Exists": true,
      "FullName": "D:\\busineshuboffline CHATGTP\\TOGETHERSYSTEMS- GITHUB\\Nieuwe map (3)\\THYNK ORDNER PRODUCTION\\THYNK-ORDERS-FINAL",
      "Extension": "",
      "CreationTime": "2025-11-29T18:16:14.2542658+01:00",
      "CreationTimeUtc": "2025-11-29T17:16:14.2542658Z",
      "LastAccessTime": "2025-11-29T19:29:44.7651166+01:00",
      "LastAccessTimeUtc": "2025-11-29T18:29:44.7651166Z",
      "LastWriteTime": "2025-11-29T18:16:14.3329606+01:00",
      "LastWriteTimeUtc": "2025-11-29T17:16:14.3329606Z",
      "LinkTarget": null,
      "UnixFileMode": -1,
      "Attributes": 16
    }
  },
  {
    "FullName": "D:\\busineshuboffline CHATGTP\\TOGETHERSYSTEMS- GITHUB\\Nieuwe map (3)\\THYNK ORDNER PRODUCTION\\THYNK-ORDERS-FINAL\\README-EN.md",
    "Name": "README-EN.md",
    "Directory": {
      "Name": "THYNK-ORDERS-FINAL",
      "Parent": "D:\\busineshuboffline CHATGTP\\TOGETHERSYSTEMS- GITHUB\\Nieuwe map (3)\\THYNK ORDNER PRODUCTION",
      "Root": "D:\\",
      "Exists": true,
      "FullName": "D:\\busineshuboffline CHATGTP\\TOGETHERSYSTEMS- GITHUB\\Nieuwe map (3)\\THYNK ORDNER PRODUCTION\\THYNK-ORDERS-FINAL",
      "Extension": "",
      "CreationTime": "2025-11-29T18:16:14.2542658+01:00",
      "CreationTimeUtc": "2025-11-29T17:16:14.2542658Z",
      "LastAccessTime": "2025-11-29T19:29:44.7651166+01:00",
      "LastAccessTimeUtc": "2025-11-29T18:29:44.7651166Z",
      "LastWriteTime": "2025-11-29T18:16:14.3329606+01:00",
      "LastWriteTimeUtc": "2025-11-29T17:16:14.3329606Z",
      "LinkTarget": null,
      "UnixFileMode": -1,
      "Attributes": 16
    }
  },
  {
    "FullName": "D:\\busineshuboffline CHATGTP\\TOGETHERSYSTEMS- GITHUB\\Nieuwe map (3)\\THYNK ORDNER PRODUCTION\\THYNK-ORDERS-FINAL\\README-NL.md",
    "Name": "README-NL.md",
    "Directory": {
      "Name": "THYNK-ORDERS-FINAL",
      "Parent": "D:\\busineshuboffline CHATGTP\\TOGETHERSYSTEMS- GITHUB\\Nieuwe map (3)\\THYNK ORDNER PRODUCTION",
      "Root": "D:\\",
      "Exists": true,
      "FullName": "D:\\busineshuboffline CHATGTP\\TOGETHERSYSTEMS- GITHUB\\Nieuwe map (3)\\THYNK ORDNER PRODUCTION\\THYNK-ORDERS-FINAL",
      "Extension": "",
      "CreationTime": "2025-11-29T18:16:14.2542658+01:00",
      "CreationTimeUtc": "2025-11-29T17:16:14.2542658Z",
      "LastAccessTime": "2025-11-29T19:29:44.7651166+01:00",
      "LastAccessTimeUtc": "2025-11-29T18:29:44.7651166Z",
      "LastWriteTime": "2025-11-29T18:16:14.3329606+01:00",
      "LastWriteTimeUtc": "2025-11-29T17:16:14.3329606Z",
      "LinkTarget": null,
      "UnixFileMode": -1,
      "Attributes": 16
    }
  },
  {
    "FullName": "D:\\busineshuboffline CHATGTP\\TOGETHERSYSTEMS- GITHUB\\Nieuwe map (3)\\THYNK ORDNER PRODUCTION\\THYNK-ORDERS-FINAL\\docs\\de\\ANLEITUNG-FUER-DUMMIES.md",
    "Name": "ANLEITUNG-FUER-DUMMIES.md",
    "Directory": {
      "Name": "de",
      "Parent": "D:\\busineshuboffline CHATGTP\\TOGETHERSYSTEMS- GITHUB\\Nieuwe map (3)\\THYNK ORDNER PRODUCTION\\THYNK-ORDERS-FINAL\\docs",
      "Root": "D:\\",
      "Exists": true,
      "FullName": "D:\\busineshuboffline CHATGTP\\TOGETHERSYSTEMS- GITHUB\\Nieuwe map (3)\\THYNK ORDNER PRODUCTION\\THYNK-ORDERS-FINAL\\docs\\de",
      "Extension": "",
      "CreationTime": "2025-11-29T18:16:14.2562731+01:00",
      "CreationTimeUtc": "2025-11-29T17:16:14.2562731Z",
      "LastAccessTime": "2025-11-29T19:29:44.7651166+01:00",
      "LastAccessTimeUtc": "2025-11-29T18:29:44.7651166Z",
      "LastWriteTime": "2025-11-29T18:16:14.2878246+01:00",
      "LastWriteTimeUtc": "2025-11-29T17:16:14.2878246Z",
      "LinkTarget": null,
      "UnixFileMode": -1,
      "Attributes": 16
    }
  },
  {
    "FullName": "D:\\busineshuboffline CHATGTP\\TOGETHERSYSTEMS- GITHUB\\Nieuwe map (3)\\THYNK ORDNER PRODUCTION\\THYNK-ORDERS-FINAL\\docs\\de\\DATENBANK-DOKUMENTATION.md",
    "Name": "DATENBANK-DOKUMENTATION.md",
    "Directory": {
      "Name": "de",
      "Parent": "D:\\busineshuboffline CHATGTP\\TOGETHERSYSTEMS- GITHUB\\Nieuwe map (3)\\THYNK ORDNER PRODUCTION\\THYNK-ORDERS-FINAL\\docs",
      "Root": "D:\\",
      "Exists": true,
      "FullName": "D:\\busineshuboffline CHATGTP\\TOGETHERSYSTEMS- GITHUB\\Nieuwe map (3)\\THYNK ORDNER PRODUCTION\\THYNK-ORDERS-FINAL\\docs\\de",
      "Extension": "",
      "CreationTime": "2025-11-29T18:16:14.2562731+01:00",
      "CreationTimeUtc": "2025-11-29T17:16:14.2562731Z",
      "LastAccessTime": "2025-11-29T19:29:44.7651166+01:00",
      "LastAccessTimeUtc": "2025-11-29T18:29:44.7651166Z",
      "LastWriteTime": "2025-11-29T18:16:14.2878246+01:00",
      "LastWriteTimeUtc": "2025-11-29T17:16:14.2878246Z",
      "LinkTarget": null,
      "UnixFileMode": -1,
      "Attributes": 16
    }
  },
  {
    "FullName": "D:\\busineshuboffline CHATGTP\\TOGETHERSYSTEMS- GITHUB\\Nieuwe map (3)\\THYNK ORDNER PRODUCTION\\THYNK-ORDERS-FINAL\\docs\\de\\DOKUMENTATION-COMPLETE-DE.md",
    "Name": "DOKUMENTATION-COMPLETE-DE.md",
    "Directory": {
      "Name": "de",
      "Parent": "D:\\busineshuboffline CHATGTP\\TOGETHERSYSTEMS- GITHUB\\Nieuwe map (3)\\THYNK ORDNER PRODUCTION\\THYNK-ORDERS-FINAL\\docs",
      "Root": "D:\\",
      "Exists": true,
      "FullName": "D:\\busineshuboffline CHATGTP\\TOGETHERSYSTEMS- GITHUB\\Nieuwe map (3)\\THYNK ORDNER PRODUCTION\\THYNK-ORDERS-FINAL\\docs\\de",
      "Extension": "",
      "CreationTime": "2025-11-29T18:16:14.2562731+01:00",
      "CreationTimeUtc": "2025-11-29T17:16:14.2562731Z",
      "LastAccessTime": "2025-11-29T19:29:44.7651166+01:00",
      "LastAccessTimeUtc": "2025-11-29T18:29:44.7651166Z",
      "LastWriteTime": "2025-11-29T18:16:14.2878246+01:00",
      "LastWriteTimeUtc": "2025-11-29T17:16:14.2878246Z",
      "LinkTarget": null,
      "UnixFileMode": -1,
      "Attributes": 16
    }
  },
  {
    "FullName": "D:\\busineshuboffline CHATGTP\\TOGETHERSYSTEMS- GITHUB\\Nieuwe map (3)\\THYNK ORDNER PRODUCTION\\THYNK-ORDERS-FINAL\\docs\\en\\DOKUMENTATION-COMPLETE-EN.md",
    "Name": "DOKUMENTATION-COMPLETE-EN.md",
    "Directory": {
      "Name": "en",
      "Parent": "D:\\busineshuboffline CHATGTP\\TOGETHERSYSTEMS- GITHUB\\Nieuwe map (3)\\THYNK ORDNER PRODUCTION\\THYNK-ORDERS-FINAL\\docs",
      "Root": "D:\\",
      "Exists": true,
      "FullName": "D:\\busineshuboffline CHATGTP\\TOGETHERSYSTEMS- GITHUB\\Nieuwe map (3)\\THYNK ORDNER PRODUCTION\\THYNK-ORDERS-FINAL\\docs\\en",
      "Extension": "",
      "CreationTime": "2025-11-29T18:16:14.2581696+01:00",
      "CreationTimeUtc": "2025-11-29T17:16:14.2581696Z",
      "LastAccessTime": "2025-11-29T19:29:44.7651166+01:00",
      "LastAccessTimeUtc": "2025-11-29T18:29:44.7651166Z",
      "LastWriteTime": "2025-11-29T18:16:14.305525+01:00",
      "LastWriteTimeUtc": "2025-11-29T17:16:14.305525Z",
      "LinkTarget": null,
      "UnixFileMode": -1,
      "Attributes": 16
    }
  },
  {
    "FullName": "D:\\busineshuboffline CHATGTP\\TOGETHERSYSTEMS- GITHUB\\Nieuwe map (3)\\THYNK ORDNER PRODUCTION\\THYNK-ORDERS-FINAL\\docs\\en\\README-EN.md",
    "Name": "README-EN.md",
    "Directory": {
      "Name": "en",
      "Parent": "D:\\busineshuboffline CHATGTP\\TOGETHERSYSTEMS- GITHUB\\Nieuwe map (3)\\THYNK ORDNER PRODUCTION\\THYNK-ORDERS-FINAL\\docs",
      "Root": "D:\\",
      "Exists": true,
      "FullName": "D:\\busineshuboffline CHATGTP\\TOGETHERSYSTEMS- GITHUB\\Nieuwe map (3)\\THYNK ORDNER PRODUCTION\\THYNK-ORDERS-FINAL\\docs\\en",
      "Extension": "",
      "CreationTime": "2025-11-29T18:16:14.2581696+01:00",
      "CreationTimeUtc": "2025-11-29T17:16:14.2581696Z",
      "LastAccessTime": "2025-11-29T19:29:44.7651166+01:00",
      "LastAccessTimeUtc": "2025-11-29T18:29:44.7651166Z",
      "LastWriteTime": "2025-11-29T18:16:14.305525+01:00",
      "LastWriteTimeUtc": "2025-11-29T17:16:14.305525Z",
      "LinkTarget": null,
      "UnixFileMode": -1,
      "Attributes": 16
    }
  },
  {
    "FullName": "D:\\busineshuboffline CHATGTP\\TOGETHERSYSTEMS- GITHUB\\Nieuwe map (3)\\THYNK ORDNER PRODUCTION\\THYNK-ORDERS-FINAL\\docs\\nl\\DOKUMENTATION-COMPLETE-NL.md",
    "Name": "DOKUMENTATION-COMPLETE-NL.md",
    "Directory": {
      "Name": "nl",
      "Parent": "D:\\busineshuboffline CHATGTP\\TOGETHERSYSTEMS- GITHUB\\Nieuwe map (3)\\THYNK ORDNER PRODUCTION\\THYNK-ORDERS-FINAL\\docs",
      "Root": "D:\\",
      "Exists": true,
      "FullName": "D:\\busineshuboffline CHATGTP\\TOGETHERSYSTEMS- GITHUB\\Nieuwe map (3)\\THYNK ORDNER PRODUCTION\\THYNK-ORDERS-FINAL\\docs\\nl",
      "Extension": "",
      "CreationTime": "2025-11-29T18:16:14.2571258+01:00",
      "CreationTimeUtc": "2025-11-29T17:16:14.2571258Z",
      "LastAccessTime": "2025-11-29T19:29:44.7651166+01:00",
      "LastAccessTimeUtc": "2025-11-29T18:29:44.7651166Z",
      "LastWriteTime": "2025-11-29T18:16:14.298406+01:00",
      "LastWriteTimeUtc": "2025-11-29T17:16:14.298406Z",
      "LinkTarget": null,
      "UnixFileMode": -1,
      "Attributes": 16
    }
  },
  {
    "FullName": "D:\\busineshuboffline CHATGTP\\TOGETHERSYSTEMS- GITHUB\\Nieuwe map (3)\\THYNK ORDNER PRODUCTION\\THYNK-ORDERS-FINAL\\docs\\nl\\README-NL.md",
    "Name": "README-NL.md",
    "Directory": {
      "Name": "nl",
      "Parent": "D:\\busineshuboffline CHATGTP\\TOGETHERSYSTEMS- GITHUB\\Nieuwe map (3)\\THYNK ORDNER PRODUCTION\\THYNK-ORDERS-FINAL\\docs",
      "Root": "D:\\",
      "Exists": true,
      "FullName": "D:\\busineshuboffline CHATGTP\\TOGETHERSYSTEMS- GITHUB\\Nieuwe map (3)\\THYNK ORDNER PRODUCTION\\THYNK-ORDERS-FINAL\\docs\\nl",
      "Extension": "",
      "CreationTime": "2025-11-29T18:16:14.2571258+01:00",
      "CreationTimeUtc": "2025-11-29T17:16:14.2571258Z",
      "LastAccessTime": "2025-11-29T19:29:44.7651166+01:00",
      "LastAccessTimeUtc": "2025-11-29T18:29:44.7651166Z",
      "LastWriteTime": "2025-11-29T18:16:14.298406+01:00",
      "LastWriteTimeUtc": "2025-11-29T17:16:14.298406Z",
      "LinkTarget": null,
      "UnixFileMode": -1,
      "Attributes": 16
    }
  },
  {
    "FullName": "D:\\busineshuboffline CHATGTP\\TOGETHERSYSTEMS- GITHUB\\Nieuwe map (3)\\THYNK ORDNER PRODUCTION\\thynk-original\\README-ORIGINAL-KOPIE.md",
    "Name": "README-ORIGINAL-KOPIE.md",
    "Directory": {
      "Name": "thynk-original",
      "Parent": "D:\\busineshuboffline CHATGTP\\TOGETHERSYSTEMS- GITHUB\\Nieuwe map (3)\\THYNK ORDNER PRODUCTION",
      "Root": "D:\\",
      "Exists": true,
      "FullName": "D:\\busineshuboffline CHATGTP\\TOGETHERSYSTEMS- GITHUB\\Nieuwe map (3)\\THYNK ORDNER PRODUCTION\\thynk-original",
      "Extension": "",
      "CreationTime": "2025-11-29T16:39:28.9288681+01:00",
      "CreationTimeUtc": "2025-11-29T15:39:28.9288681Z",
      "LastAccessTime": "2025-11-29T19:29:44.7665691+01:00",
      "LastAccessTimeUtc": "2025-11-29T18:29:44.7665691Z",
      "LastWriteTime": "2025-11-29T17:04:26.6895602+01:00",
      "LastWriteTimeUtc": "2025-11-29T16:04:26.6895602Z",
      "LinkTarget": null,
      "UnixFileMode": -1,
      "Attributes": 16
    }
  },
  {
    "FullName": "D:\\busineshuboffline CHATGTP\\TOGETHERSYSTEMS- GITHUB\\Nieuwe map (3)\\THYNK ORDNER PRODUCTION\\thynk-original\\README.md",
    "Name": "README.md",
    "Directory": {
      "Name": "thynk-original",
      "Parent": "D:\\busineshuboffline CHATGTP\\TOGETHERSYSTEMS- GITHUB\\Nieuwe map (3)\\THYNK ORDNER PRODUCTION",
      "Root": "D:\\",
      "Exists": true,
      "FullName": "D:\\busineshuboffline CHATGTP\\TOGETHERSYSTEMS- GITHUB\\Nieuwe map (3)\\THYNK ORDNER PRODUCTION\\thynk-original",
      "Extension": "",
      "CreationTime": "2025-11-29T16:39:28.9288681+01:00",
      "CreationTimeUtc": "2025-11-29T15:39:28.9288681Z",
      "LastAccessTime": "2025-11-29T19:29:44.7665691+01:00",
      "LastAccessTimeUtc": "2025-11-29T18:29:44.7665691Z",
      "LastWriteTime": "2025-11-29T17:04:26.6895602+01:00",
      "LastWriteTimeUtc": "2025-11-29T16:04:26.6895602Z",
      "LinkTarget": null,
      "UnixFileMode": -1,
      "Attributes": 16
    }
  },
  {
    "FullName": "D:\\busineshuboffline CHATGTP\\TOGETHERSYSTEMS- GITHUB\\Nieuwe map (3)\\THYNK ORDNER PRODUCTION\\thynk-original\\branding\\README.md",
    "Name": "README.md",
    "Directory": {
      "Name": "branding",
      "Parent": "D:\\busineshuboffline CHATGTP\\TOGETHERSYSTEMS- GITHUB\\Nieuwe map (3)\\THYNK ORDNER PRODUCTION\\thynk-original",
      "Root": "D:\\",
      "Exists": true,
      "FullName": "D:\\busineshuboffline CHATGTP\\TOGETHERSYSTEMS- GITHUB\\Nieuwe map (3)\\THYNK ORDNER PRODUCTION\\thynk-original\\branding",
      "Extension": "",
      "CreationTime": "2025-11-29T16:39:28.9298679+01:00",
      "CreationTimeUtc": "2025-11-29T15:39:28.9298679Z",
      "LastAccessTime": "2025-11-29T19:29:44.7665691+01:00",
      "LastAccessTimeUtc": "2025-11-29T18:29:44.7665691Z",
      "LastWriteTime": "2025-11-29T16:39:51.7419644+01:00",
      "LastWriteTimeUtc": "2025-11-29T15:39:51.7419644Z",
      "LinkTarget": null,
      "UnixFileMode": -1,
      "Attributes": 16
    }
  },
  {
    "FullName": "D:\\busineshuboffline CHATGTP\\TOGETHERSYSTEMS- GITHUB\\Nieuwe map (3)\\THYNK ORDNER PRODUCTION\\thynk-original\\system\\README.md",
    "Name": "README.md",
    "Directory": {
      "Name": "system",
      "Parent": "D:\\busineshuboffline CHATGTP\\TOGETHERSYSTEMS- GITHUB\\Nieuwe map (3)\\THYNK ORDNER PRODUCTION\\thynk-original",
      "Root": "D:\\",
      "Exists": true,
      "FullName": "D:\\busineshuboffline CHATGTP\\TOGETHERSYSTEMS- GITHUB\\Nieuwe map (3)\\THYNK ORDNER PRODUCTION\\thynk-original\\system",
      "Extension": "",
      "CreationTime": "2025-11-29T16:39:28.9413703+01:00",
      "CreationTimeUtc": "2025-11-29T15:39:28.9413703Z",
      "LastAccessTime": "2025-11-29T19:29:44.7665691+01:00",
      "LastAccessTimeUtc": "2025-11-29T18:29:44.7665691Z",
      "LastWriteTime": "2025-11-29T16:40:01.042428+01:00",
      "LastWriteTimeUtc": "2025-11-29T15:40:01.042428Z",
      "LinkTarget": null,
      "UnixFileMode": -1,
      "Attributes": 16
    }
  }
]
