﻿{
    "summary":  {
                    "verified":  10,
                    "failed":  0,
                    "total":  10
                },
    "builds":  {
                   "ios":  {
                               "verified":  true,
                               "files":  1,
                               "exists":  true
                           },
                   "c-system":  {
                                    "verified":  true,
                                    "files":  2,
                                    "exists":  true
                                },
                   "windows":  {
                                   "verified":  true,
                                   "files":  2,
                                   "exists":  true
                               },
                   "web":  {
                               "verified":  true,
                               "files":  2,
                               "exists":  true
                           },
                   "electron":  {
                                    "verified":  true,
                                    "files":  3,
                                    "exists":  true
                                },
                   "android":  {
                                   "verified":  true,
                                   "files":  1,
                                   "exists":  true
                               },
                   "browser-extensions":  {
                                              "verified":  true,
                                              "files":  10,
                                              "exists":  true
                                          },
                   "docker":  {
                                  "verified":  true,
                                  "files":  3,
                                  "exists":  true
                              },
                   "macos":  {
                                 "verified":  true,
                                 "files":  3,
                                 "exists":  true
                             },
                   "linux":  {
                                 "verified":  true,
                                 "files":  7,
                                 "exists":  true
                             }
               },
    "timestamp":  "2025-12-01 21:09:50"
}
