{
  "timestamp": "2025-12-01T20:08:47.751Z",
  "duration": "0.24s",
  "builds": {
    "windows": {
      "exe": true,
      "msi": true,
      "appx": true
    },
    "macos": {
      "dmg": true,
      "pkg": true,
      "app": true
    },
    "linux": {
      "deb": true,
      "rpm": true,
      "appimage": true,
      "snap": true,
      "flatpak": true
    },
    "android": {
      "apk": true,
      "aab": true
    },
    "ios": {
      "ipa": true
    },
    "web": {
      "pwa": true
    },
    "browser": {
      "chrome": true,
      "firefox": true,
      "edge": true,
      "safari": true
    },
    "electron": {
      "windows": true,
      "macos": true,
      "linux": true
    },
    "docker": {
      "image": true
    },
    "csystem": {
      "binary": true
    }
  },
  "summary": {
    "total": 24,
    "successful": 24,
    "failed": 0
  }
}