[
  {
    "id": "alle-seiten-anleitung",
    "title": "Alle Seiten Anleitung",
    "description": "Schritt-für-Schritt Anleitung",
    "tags": [
      "Anleitung"
    ],
    "path": "ALLE-SEITEN-ANLEITUNG.md",
    "category": "Anleitungen",
    "keywords": [
      "anleitung",
      "guide",
      "tutorial",
      "hilfe",
      "wie teste ich",
      "wie installiere ich",
      "fehler beheben",
      "was ist ein terminal"
    ],
    "language": "DE",
    "fullPath": "D:\\busineshuboffline CHATGTP\\TOGETHERSYSTEMS- GITHUB\\Nieuwe map (3)\\THYNK ORDNER PRODUCTION\\ALLE-SEITEN-ANLEITUNG.md"
  },
  {
    "id": "alle-seiten-implementiert",
    "title": "Alle Seiten Implementiert",
    "description": "Dokumentation für Think Orders System",
    "tags": [
      "Dokumentation"
    ],
    "path": "ALLE-SEITEN-IMPLEMENTIERT.md",
    "category": "Dokumentation",
    "keywords": [
      "wie teste ich",
      "wie installiere ich",
      "fehler beheben",
      "was ist ein terminal"
    ],
    "language": "DE",
    "fullPath": "D:\\busineshuboffline CHATGTP\\TOGETHERSYSTEMS- GITHUB\\Nieuwe map (3)\\THYNK ORDNER PRODUCTION\\ALLE-SEITEN-IMPLEMENTIERT.md"
  },
  {
    "id": "anleitung-browser-extraktion",
    "title": "Anleitung Browser Extraktion",
    "description": "Schritt-für-Schritt Anleitung",
    "tags": [
      "Anleitung"
    ],
    "path": "ANLEITUNG-BROWSER-EXTRAKTION.md",
    "category": "Anleitungen",
    "keywords": [
      "anleitung",
      "guide",
      "tutorial",
      "hilfe",
      "wie teste ich",
      "wie installiere ich",
      "fehler beheben",
      "was ist ein terminal"
    ],
    "language": "DE",
    "fullPath": "D:\\busineshuboffline CHATGTP\\TOGETHERSYSTEMS- GITHUB\\Nieuwe map (3)\\THYNK ORDNER PRODUCTION\\ANLEITUNG-BROWSER-EXTRAKTION.md"
  },
  {
    "id": "anleitung-fuer-dummies",
    "title": "Anleitung Fuer Dummies",
    "description": "Schritt-für-Schritt Anleitung",
    "tags": [
      "Anfänger",
      "Anleitung"
    ],
    "path": "ANLEITUNG-FUER-DUMMIES.md",
    "category": "Anleitungen",
    "keywords": [
      "anleitung",
      "guide",
      "tutorial",
      "hilfe",
      "dummies",
      "anfänger",
      "beginner",
      "quick start",
      "wie teste ich",
      "wie installiere ich",
      "fehler beheben",
      "was ist ein terminal"
    ],
    "language": "DE",
    "fullPath": "D:\\busineshuboffline CHATGTP\\TOGETHERSYSTEMS- GITHUB\\Nieuwe map (3)\\THYNK ORDNER PRODUCTION\\ANLEITUNG-FUER-DUMMIES.md"
  },
  {
    "id": "api-routen-overview",
    "title": "Api Routen Overview",
    "description": "Dokumentation für Think Orders System",
    "tags": [
      "Dokumentation"
    ],
    "path": "API-ROUTEN-OVERVIEW.md",
    "category": "Dokumentation",
    "keywords": [
      "wie teste ich",
      "wie installiere ich",
      "fehler beheben",
      "was ist ein terminal"
    ],
    "language": "DE",
    "fullPath": "D:\\busineshuboffline CHATGTP\\TOGETHERSYSTEMS- GITHUB\\Nieuwe map (3)\\THYNK ORDNER PRODUCTION\\API-ROUTEN-OVERVIEW.md"
  },
  {
    "id": "complete-documentation-status",
    "title": "Complete Documentation Status",
    "description": "Technische Dokumentation",
    "tags": [
      "Status"
    ],
    "path": "COMPLETE-DOCUMENTATION-STATUS.md",
    "category": "Dokumentation",
    "keywords": [
      "dokumentation",
      "doku",
      "docs",
      "wie teste ich",
      "wie installiere ich",
      "fehler beheben",
      "was ist ein terminal"
    ],
    "language": "DE",
    "fullPath": "D:\\busineshuboffline CHATGTP\\TOGETHERSYSTEMS- GITHUB\\Nieuwe map (3)\\THYNK ORDNER PRODUCTION\\COMPLETE-DOCUMENTATION-STATUS.md"
  },
  {
    "id": "complete-test-and-documentation-status",
    "title": "Complete Test And Documentation Status",
    "description": "Test-Dokumentation und Test-Anleitungen",
    "tags": [
      "Tests",
      "Status"
    ],
    "path": "COMPLETE-TEST-AND-DOCUMENTATION-STATUS.md",
    "category": "Dokumentation",
    "keywords": [
      "test",
      "tests",
      "testing",
      "playwright",
      "dokumentation",
      "doku",
      "docs",
      "wie teste ich",
      "wie installiere ich",
      "fehler beheben",
      "was ist ein terminal"
    ],
    "language": "DE",
    "fullPath": "D:\\busineshuboffline CHATGTP\\TOGETHERSYSTEMS- GITHUB\\Nieuwe map (3)\\THYNK ORDNER PRODUCTION\\COMPLETE-TEST-AND-DOCUMENTATION-STATUS.md"
  },
  {
    "id": "concept-one-click-deployment",
    "title": "Concept One Click Deployment",
    "description": "Deployment-Anleitungen",
    "tags": [
      "Deployment"
    ],
    "path": "CONCEPT-ONE-CLICK-DEPLOYMENT.md",
    "category": "Dokumentation",
    "keywords": [
      "wie teste ich",
      "wie installiere ich",
      "fehler beheben",
      "was ist ein terminal"
    ],
    "language": "DE",
    "fullPath": "D:\\busineshuboffline CHATGTP\\TOGETHERSYSTEMS- GITHUB\\Nieuwe map (3)\\THYNK ORDNER PRODUCTION\\CONCEPT-ONE-CLICK-DEPLOYMENT.md"
  },
  {
    "id": "cors-fehler-behoben",
    "title": "Cors Fehler Behoben",
    "description": "Dokumentation für Think Orders System",
    "tags": [
      "Dokumentation"
    ],
    "path": "CORS-FEHLER-BEHOBEN.md",
    "category": "Dokumentation",
    "keywords": [
      "wie teste ich",
      "wie installiere ich",
      "fehler beheben",
      "was ist ein terminal"
    ],
    "language": "DE",
    "fullPath": "D:\\busineshuboffline CHATGTP\\TOGETHERSYSTEMS- GITHUB\\Nieuwe map (3)\\THYNK ORDNER PRODUCTION\\CORS-FEHLER-BEHOBEN.md"
  },
  {
    "id": "css-extraktions-anleitung",
    "title": "Css Extraktions Anleitung",
    "description": "Schritt-für-Schritt Anleitung",
    "tags": [
      "Anleitung"
    ],
    "path": "CSS-EXTRAKTIONS-ANLEITUNG.md",
    "category": "Anleitungen",
    "keywords": [
      "anleitung",
      "guide",
      "tutorial",
      "hilfe",
      "wie teste ich",
      "wie installiere ich",
      "fehler beheben",
      "was ist ein terminal"
    ],
    "language": "DE",
    "fullPath": "D:\\busineshuboffline CHATGTP\\TOGETHERSYSTEMS- GITHUB\\Nieuwe map (3)\\THYNK ORDNER PRODUCTION\\CSS-EXTRAKTIONS-ANLEITUNG.md"
  },
  {
    "id": "css-verbesserung",
    "title": "Css Verbesserung",
    "description": "Dokumentation für Think Orders System",
    "tags": [
      "Dokumentation"
    ],
    "path": "CSS-VERBESSERUNG.md",
    "category": "Dokumentation",
    "keywords": [
      "wie teste ich",
      "wie installiere ich",
      "fehler beheben",
      "was ist ein terminal"
    ],
    "language": "DE",
    "fullPath": "D:\\busineshuboffline CHATGTP\\TOGETHERSYSTEMS- GITHUB\\Nieuwe map (3)\\THYNK ORDNER PRODUCTION\\CSS-VERBESSERUNG.md"
  },
  {
    "id": "daten-1-1-uebernahme",
    "title": "Daten 1 1 Uebernahme",
    "description": "Dokumentation für Think Orders System",
    "tags": [
      "Dokumentation"
    ],
    "path": "DATEN-1-1-UEBERNAHME.md",
    "category": "Dokumentation",
    "keywords": [
      "wie teste ich",
      "wie installiere ich",
      "fehler beheben",
      "was ist ein terminal"
    ],
    "language": "DE",
    "fullPath": "D:\\busineshuboffline CHATGTP\\TOGETHERSYSTEMS- GITHUB\\Nieuwe map (3)\\THYNK ORDNER PRODUCTION\\DATEN-1-1-UEBERNAHME.md"
  },
  {
    "id": "daten-sicherungs-anleitung",
    "title": "Daten Sicherungs Anleitung",
    "description": "Schritt-für-Schritt Anleitung",
    "tags": [
      "Anleitung"
    ],
    "path": "DATEN-SICHERUNGS-ANLEITUNG.md",
    "category": "Anleitungen",
    "keywords": [
      "anleitung",
      "guide",
      "tutorial",
      "hilfe",
      "wie teste ich",
      "wie installiere ich",
      "fehler beheben",
      "was ist ein terminal"
    ],
    "language": "DE",
    "fullPath": "D:\\busineshuboffline CHATGTP\\TOGETHERSYSTEMS- GITHUB\\Nieuwe map (3)\\THYNK ORDNER PRODUCTION\\DATEN-SICHERUNGS-ANLEITUNG.md"
  },
  {
    "id": "datenbank-dokumentation",
    "title": "Datenbank Dokumentation",
    "description": "Technische Dokumentation",
    "tags": [
      "Dokumentation"
    ],
    "path": "DATENBANK-DOKUMENTATION.md",
    "category": "Dokumentation",
    "keywords": [
      "dokumentation",
      "doku",
      "docs",
      "wie teste ich",
      "wie installiere ich",
      "fehler beheben",
      "was ist ein terminal"
    ],
    "language": "DE",
    "fullPath": "D:\\busineshuboffline CHATGTP\\TOGETHERSYSTEMS- GITHUB\\Nieuwe map (3)\\THYNK ORDNER PRODUCTION\\DATENBANK-DOKUMENTATION.md"
  },
  {
    "id": "deployment-complete-anleitung",
    "title": "Deployment Complete Anleitung",
    "description": "Schritt-für-Schritt Anleitung",
    "tags": [
      "Anleitung",
      "Deployment"
    ],
    "path": "DEPLOYMENT-COMPLETE-ANLEITUNG.md",
    "category": "Anleitungen",
    "keywords": [
      "anleitung",
      "guide",
      "tutorial",
      "hilfe",
      "wie teste ich",
      "wie installiere ich",
      "fehler beheben",
      "was ist ein terminal"
    ],
    "language": "DE",
    "fullPath": "D:\\busineshuboffline CHATGTP\\TOGETHERSYSTEMS- GITHUB\\Nieuwe map (3)\\THYNK ORDNER PRODUCTION\\DEPLOYMENT-COMPLETE-ANLEITUNG.md"
  },
  {
    "id": "deployment-erfolgreich",
    "title": "Deployment Erfolgreich",
    "description": "Deployment-Anleitungen",
    "tags": [
      "Deployment"
    ],
    "path": "DEPLOYMENT-ERFOLGREICH.md",
    "category": "Dokumentation",
    "keywords": [
      "wie teste ich",
      "wie installiere ich",
      "fehler beheben",
      "was ist ein terminal"
    ],
    "language": "DE",
    "fullPath": "D:\\busineshuboffline CHATGTP\\TOGETHERSYSTEMS- GITHUB\\Nieuwe map (3)\\THYNK ORDNER PRODUCTION\\DEPLOYMENT-ERFOLGREICH.md"
  },
  {
    "id": "development-checklist",
    "title": "Development Checklist",
    "description": "Dokumentation für Think Orders System",
    "tags": [
      "Dokumentation"
    ],
    "path": "DEVELOPMENT-CHECKLIST.md",
    "category": "Entwicklung",
    "keywords": [
      "wie teste ich",
      "wie installiere ich",
      "fehler beheben",
      "was ist ein terminal"
    ],
    "language": "DE",
    "fullPath": "D:\\busineshuboffline CHATGTP\\TOGETHERSYSTEMS- GITHUB\\Nieuwe map (3)\\THYNK ORDNER PRODUCTION\\DEVELOPMENT-CHECKLIST.md"
  },
  {
    "id": "dokumentation-complete-de",
    "title": "Dokumentation Complete De",
    "description": "Technische Dokumentation",
    "tags": [
      "Dokumentation"
    ],
    "path": "DOKUMENTATION-COMPLETE-DE.md",
    "category": "Dokumentation",
    "keywords": [
      "dokumentation",
      "doku",
      "docs",
      "wie teste ich",
      "wie installiere ich",
      "fehler beheben",
      "was ist ein terminal"
    ],
    "language": "DE",
    "fullPath": "D:\\busineshuboffline CHATGTP\\TOGETHERSYSTEMS- GITHUB\\Nieuwe map (3)\\THYNK ORDNER PRODUCTION\\DOKUMENTATION-COMPLETE-DE.md"
  },
  {
    "id": "dokumentation-complete-en",
    "title": "Dokumentation Complete En",
    "description": "Technische Dokumentation",
    "tags": [
      "Dokumentation"
    ],
    "path": "DOKUMENTATION-COMPLETE-EN.md",
    "category": "Dokumentation",
    "keywords": [
      "dokumentation",
      "doku",
      "docs",
      "wie teste ich",
      "wie installiere ich",
      "fehler beheben",
      "was ist ein terminal"
    ],
    "language": "DE",
    "fullPath": "D:\\busineshuboffline CHATGTP\\TOGETHERSYSTEMS- GITHUB\\Nieuwe map (3)\\THYNK ORDNER PRODUCTION\\DOKUMENTATION-COMPLETE-EN.md"
  },
  {
    "id": "dokumentation-complete-nl",
    "title": "Dokumentation Complete Nl",
    "description": "Technische Dokumentation",
    "tags": [
      "Dokumentation"
    ],
    "path": "DOKUMENTATION-COMPLETE-NL.md",
    "category": "Dokumentation",
    "keywords": [
      "dokumentation",
      "doku",
      "docs",
      "wie teste ich",
      "wie installiere ich",
      "fehler beheben",
      "was ist ein terminal"
    ],
    "language": "DE",
    "fullPath": "D:\\busineshuboffline CHATGTP\\TOGETHERSYSTEMS- GITHUB\\Nieuwe map (3)\\THYNK ORDNER PRODUCTION\\DOKUMENTATION-COMPLETE-NL.md"
  },
  {
    "id": "dokumentation-fuer-dummies-vollstaendig",
    "title": "Dokumentation Fuer Dummies Vollstaendig",
    "description": "Technische Dokumentation",
    "tags": [
      "Anfänger"
    ],
    "path": "DOKUMENTATION-FUER-DUMMIES-VOLLSTAENDIG.md",
    "category": "Dokumentation",
    "keywords": [
      "dokumentation",
      "doku",
      "docs",
      "dummies",
      "anfänger",
      "beginner",
      "quick start",
      "wie teste ich",
      "wie installiere ich",
      "fehler beheben",
      "was ist ein terminal"
    ],
    "language": "DE",
    "fullPath": "D:\\busineshuboffline CHATGTP\\TOGETHERSYSTEMS- GITHUB\\Nieuwe map (3)\\THYNK ORDNER PRODUCTION\\DOKUMENTATION-FUER-DUMMIES-VOLLSTAENDIG.md"
  },
  {
    "id": "dokumentation-pruefung-de-nl-en",
    "title": "Dokumentation Pruefung De Nl En",
    "description": "Technische Dokumentation",
    "tags": [
      "Deutsch",
      "Nederlands"
    ],
    "path": "DOKUMENTATION-PRUEFUNG-DE-NL-EN.md",
    "category": "Dokumentation",
    "keywords": [
      "dokumentation",
      "doku",
      "docs",
      "wie teste ich",
      "wie installiere ich",
      "fehler beheben",
      "was ist ein terminal"
    ],
    "language": "DE",
    "fullPath": "D:\\busineshuboffline CHATGTP\\TOGETHERSYSTEMS- GITHUB\\Nieuwe map (3)\\THYNK ORDNER PRODUCTION\\DOKUMENTATION-PRUEFUNG-DE-NL-EN.md"
  },
  {
    "id": "dokumentations-index",
    "title": "Dokumentations Index",
    "description": "Technische Dokumentation",
    "tags": [
      "Dokumentation"
    ],
    "path": "DOKUMENTATIONS-INDEX.md",
    "category": "Dokumentation",
    "keywords": [
      "dokumentation",
      "doku",
      "docs",
      "wie teste ich",
      "wie installiere ich",
      "fehler beheben",
      "was ist ein terminal"
    ],
    "language": "DE",
    "fullPath": "D:\\busineshuboffline CHATGTP\\TOGETHERSYSTEMS- GITHUB\\Nieuwe map (3)\\THYNK ORDNER PRODUCTION\\DOKUMENTATIONS-INDEX.md"
  },
  {
    "id": "extraktions-anleitung-1-1-original",
    "title": "Extraktions Anleitung 1 1 Original",
    "description": "Schritt-für-Schritt Anleitung",
    "tags": [
      "Anleitung"
    ],
    "path": "EXTRAKTIONS-ANLEITUNG-1-1-ORIGINAL.md",
    "category": "Anleitungen",
    "keywords": [
      "anleitung",
      "guide",
      "tutorial",
      "hilfe",
      "wie teste ich",
      "wie installiere ich",
      "fehler beheben",
      "was ist ein terminal"
    ],
    "language": "DE",
    "fullPath": "D:\\busineshuboffline CHATGTP\\TOGETHERSYSTEMS- GITHUB\\Nieuwe map (3)\\THYNK ORDNER PRODUCTION\\EXTRAKTIONS-ANLEITUNG-1-1-ORIGINAL.md"
  },
  {
    "id": "extraktions-anleitung-vollstaendig",
    "title": "Extraktions Anleitung Vollstaendig",
    "description": "Schritt-für-Schritt Anleitung",
    "tags": [
      "Anleitung"
    ],
    "path": "EXTRAKTIONS-ANLEITUNG-VOLLSTAENDIG.md",
    "category": "Anleitungen",
    "keywords": [
      "anleitung",
      "guide",
      "tutorial",
      "hilfe",
      "wie teste ich",
      "wie installiere ich",
      "fehler beheben",
      "was ist ein terminal"
    ],
    "language": "DE",
    "fullPath": "D:\\busineshuboffline CHATGTP\\TOGETHERSYSTEMS- GITHUB\\Nieuwe map (3)\\THYNK ORDNER PRODUCTION\\EXTRAKTIONS-ANLEITUNG-VOLLSTAENDIG.md"
  },
  {
    "id": "factuur-nl-betreiber-partner",
    "title": "Factuur Nl Betreiber Partner",
    "description": "Rechnung/Kalkulation",
    "tags": [
      "Nederlands",
      "Rechnung"
    ],
    "path": "FACTUUR-NL-BETREIBER-PARTNER.md",
    "category": "Administration",
    "keywords": [
      "rechnung",
      "factuur",
      "kalkulation",
      "kosten",
      "wie teste ich",
      "wie installiere ich",
      "fehler beheben",
      "was ist ein terminal"
    ],
    "language": "NL",
    "fullPath": "D:\\busineshuboffline CHATGTP\\TOGETHERSYSTEMS- GITHUB\\Nieuwe map (3)\\THYNK ORDNER PRODUCTION\\FACTUUR-NL-BETREIBER-PARTNER.md"
  },
  {
    "id": "final-deployment-status",
    "title": "Final Deployment Status",
    "description": "Status-Report und Übersicht",
    "tags": [
      "Deployment",
      "Status"
    ],
    "path": "FINAL-DEPLOYMENT-STATUS.md",
    "category": "Dokumentation",
    "keywords": [
      "wie teste ich",
      "wie installiere ich",
      "fehler beheben",
      "was ist ein terminal"
    ],
    "language": "DE",
    "fullPath": "D:\\busineshuboffline CHATGTP\\TOGETHERSYSTEMS- GITHUB\\Nieuwe map (3)\\THYNK ORDNER PRODUCTION\\FINAL-DEPLOYMENT-STATUS.md"
  },
  {
    "id": "final-dokumentation-status",
    "title": "Final Dokumentation Status",
    "description": "Technische Dokumentation",
    "tags": [
      "Status"
    ],
    "path": "FINAL-DOKUMENTATION-STATUS.md",
    "category": "Dokumentation",
    "keywords": [
      "dokumentation",
      "doku",
      "docs",
      "wie teste ich",
      "wie installiere ich",
      "fehler beheben",
      "was ist ein terminal"
    ],
    "language": "DE",
    "fullPath": "D:\\busineshuboffline CHATGTP\\TOGETHERSYSTEMS- GITHUB\\Nieuwe map (3)\\THYNK ORDNER PRODUCTION\\FINAL-DOKUMENTATION-STATUS.md"
  },
  {
    "id": "final-production-deployment-info",
    "title": "Final Production Deployment Info",
    "description": "Deployment-Anleitungen",
    "tags": [
      "Deployment"
    ],
    "path": "FINAL-PRODUCTION-DEPLOYMENT-INFO.md",
    "category": "Dokumentation",
    "keywords": [
      "wie teste ich",
      "wie installiere ich",
      "fehler beheben",
      "was ist ein terminal"
    ],
    "language": "DE",
    "fullPath": "D:\\busineshuboffline CHATGTP\\TOGETHERSYSTEMS- GITHUB\\Nieuwe map (3)\\THYNK ORDNER PRODUCTION\\FINAL-PRODUCTION-DEPLOYMENT-INFO.md"
  },
  {
    "id": "final-status-report",
    "title": "Final Status Report",
    "description": "Status-Report und Übersicht",
    "tags": [
      "Status"
    ],
    "path": "FINAL-STATUS-REPORT.md",
    "category": "Dokumentation",
    "keywords": [
      "wie teste ich",
      "wie installiere ich",
      "fehler beheben",
      "was ist ein terminal"
    ],
    "language": "DE",
    "fullPath": "D:\\busineshuboffline CHATGTP\\TOGETHERSYSTEMS- GITHUB\\Nieuwe map (3)\\THYNK ORDNER PRODUCTION\\FINAL-STATUS-REPORT.md"
  },
  {
    "id": "final-test-and-documentation-report",
    "title": "Final Test And Documentation Report",
    "description": "Test-Dokumentation und Test-Anleitungen",
    "tags": [
      "Tests"
    ],
    "path": "FINAL-TEST-AND-DOCUMENTATION-REPORT.md",
    "category": "Dokumentation",
    "keywords": [
      "test",
      "tests",
      "testing",
      "playwright",
      "dokumentation",
      "doku",
      "docs",
      "wie teste ich",
      "wie installiere ich",
      "fehler beheben",
      "was ist ein terminal"
    ],
    "language": "DE",
    "fullPath": "D:\\busineshuboffline CHATGTP\\TOGETHERSYSTEMS- GITHUB\\Nieuwe map (3)\\THYNK ORDNER PRODUCTION\\FINAL-TEST-AND-DOCUMENTATION-REPORT.md"
  },
  {
    "id": "implementatie-plan-nl",
    "title": "Implementatie Plan Nl",
    "description": "Dokumentation für Think Orders System",
    "tags": [
      "Dokumentation"
    ],
    "path": "IMPLEMENTATIE-PLAN-NL.md",
    "category": "Dokumentation",
    "keywords": [
      "wie teste ich",
      "wie installiere ich",
      "fehler beheben",
      "was ist ein terminal"
    ],
    "language": "DE",
    "fullPath": "D:\\busineshuboffline CHATGTP\\TOGETHERSYSTEMS- GITHUB\\Nieuwe map (3)\\THYNK ORDNER PRODUCTION\\IMPLEMENTATIE-PLAN-NL.md"
  },
  {
    "id": "index",
    "title": "Index",
    "description": "Dokumentation für Think Orders System",
    "tags": [
      "Dokumentation"
    ],
    "path": "INDEX.md",
    "category": "Dokumentation",
    "keywords": [
      "wie teste ich",
      "wie installiere ich",
      "fehler beheben",
      "was ist ein terminal"
    ],
    "language": "DE",
    "fullPath": "D:\\busineshuboffline CHATGTP\\TOGETHERSYSTEMS- GITHUB\\Nieuwe map (3)\\THYNK ORDNER PRODUCTION\\INDEX.md"
  },
  {
    "id": "kalkulationsrechnungsantrag-vollstaendig",
    "title": "Kalkulationsrechnungsantrag Vollstaendig",
    "description": "Rechnung/Kalkulation",
    "tags": [
      "Rechnung"
    ],
    "path": "KALKULATIONSRECHNUNGSANTRAG-VOLLSTAENDIG.md",
    "category": "Administration",
    "keywords": [
      "rechnung",
      "factuur",
      "kalkulation",
      "kosten",
      "wie teste ich",
      "wie installiere ich",
      "fehler beheben",
      "was ist ein terminal"
    ],
    "language": "DE",
    "fullPath": "D:\\busineshuboffline CHATGTP\\TOGETHERSYSTEMS- GITHUB\\Nieuwe map (3)\\THYNK ORDNER PRODUCTION\\KALKULATIONSRECHNUNGSANTRAG-VOLLSTAENDIG.md"
  },
  {
    "id": "local-deploy-info",
    "title": "Local Deploy Info",
    "description": "Dokumentation für Think Orders System",
    "tags": [
      "Dokumentation"
    ],
    "path": "LOCAL-DEPLOY-INFO.md",
    "category": "Dokumentation",
    "keywords": [
      "wie teste ich",
      "wie installiere ich",
      "fehler beheben",
      "was ist ein terminal"
    ],
    "language": "DE",
    "fullPath": "D:\\busineshuboffline CHATGTP\\TOGETHERSYSTEMS- GITHUB\\Nieuwe map (3)\\THYNK ORDNER PRODUCTION\\LOCAL-DEPLOY-INFO.md"
  },
  {
    "id": "navigation-extraktion-info",
    "title": "Navigation Extraktion Info",
    "description": "Dokumentation für Think Orders System",
    "tags": [
      "Dokumentation"
    ],
    "path": "NAVIGATION-EXTRAKTION-INFO.md",
    "category": "Dokumentation",
    "keywords": [
      "wie teste ich",
      "wie installiere ich",
      "fehler beheben",
      "was ist ein terminal"
    ],
    "language": "DE",
    "fullPath": "D:\\busineshuboffline CHATGTP\\TOGETHERSYSTEMS- GITHUB\\Nieuwe map (3)\\THYNK ORDNER PRODUCTION\\NAVIGATION-EXTRAKTION-INFO.md"
  },
  {
    "id": "one-click-deployment-ready",
    "title": "One Click Deployment Ready",
    "description": "Deployment-Anleitungen",
    "tags": [
      "Deployment"
    ],
    "path": "ONE-CLICK-DEPLOYMENT-READY.md",
    "category": "Dokumentation",
    "keywords": [
      "wie teste ich",
      "wie installiere ich",
      "fehler beheben",
      "was ist ein terminal"
    ],
    "language": "DE",
    "fullPath": "D:\\busineshuboffline CHATGTP\\TOGETHERSYSTEMS- GITHUB\\Nieuwe map (3)\\THYNK ORDNER PRODUCTION\\ONE-CLICK-DEPLOYMENT-READY.md"
  },
  {
    "id": "organisation-anleitung",
    "title": "Organisation Anleitung",
    "description": "Schritt-für-Schritt Anleitung",
    "tags": [
      "Anleitung"
    ],
    "path": "ORGANISATION-ANLEITUNG.md",
    "category": "Anleitungen",
    "keywords": [
      "anleitung",
      "guide",
      "tutorial",
      "hilfe",
      "wie teste ich",
      "wie installiere ich",
      "fehler beheben",
      "was ist ein terminal"
    ],
    "language": "DE",
    "fullPath": "D:\\busineshuboffline CHATGTP\\TOGETHERSYSTEMS- GITHUB\\Nieuwe map (3)\\THYNK ORDNER PRODUCTION\\ORGANISATION-ANLEITUNG.md"
  },
  {
    "id": "original-structure-hinweis",
    "title": "Original Structure Hinweis",
    "description": "Dokumentation für Think Orders System",
    "tags": [
      "Dokumentation"
    ],
    "path": "ORIGINAL-STRUCTURE-HINWEIS.md",
    "category": "Dokumentation",
    "keywords": [
      "wie teste ich",
      "wie installiere ich",
      "fehler beheben",
      "was ist ein terminal"
    ],
    "language": "DE",
    "fullPath": "D:\\busineshuboffline CHATGTP\\TOGETHERSYSTEMS- GITHUB\\Nieuwe map (3)\\THYNK ORDNER PRODUCTION\\ORIGINAL-STRUCTURE-HINWEIS.md"
  },
  {
    "id": "pruefungsergebnisse-de",
    "title": "Pruefungsergebnisse De",
    "description": "Dokumentation für Think Orders System",
    "tags": [
      "Dokumentation"
    ],
    "path": "PRUEFUNGSERGEBNISSE-DE.md",
    "category": "Dokumentation",
    "keywords": [
      "wie teste ich",
      "wie installiere ich",
      "fehler beheben",
      "was ist ein terminal"
    ],
    "language": "DE",
    "fullPath": "D:\\busineshuboffline CHATGTP\\TOGETHERSYSTEMS- GITHUB\\Nieuwe map (3)\\THYNK ORDNER PRODUCTION\\PRUEFUNGSERGEBNISSE-DE.md"
  },
  {
    "id": "readme-de",
    "title": "Readme De",
    "description": "Übersicht und Schnellstart",
    "tags": [
      "Dokumentation"
    ],
    "path": "README-DE.md",
    "category": "Dokumentation",
    "keywords": [
      "wie teste ich",
      "wie installiere ich",
      "fehler beheben",
      "was ist ein terminal"
    ],
    "language": "DE",
    "fullPath": "D:\\busineshuboffline CHATGTP\\TOGETHERSYSTEMS- GITHUB\\Nieuwe map (3)\\THYNK ORDNER PRODUCTION\\README-DE.md"
  },
  {
    "id": "readme-en",
    "title": "Readme En",
    "description": "Übersicht und Schnellstart",
    "tags": [
      "Dokumentation"
    ],
    "path": "README-EN.md",
    "category": "Dokumentation",
    "keywords": [
      "wie teste ich",
      "wie installiere ich",
      "fehler beheben",
      "was ist ein terminal"
    ],
    "language": "DE",
    "fullPath": "D:\\busineshuboffline CHATGTP\\TOGETHERSYSTEMS- GITHUB\\Nieuwe map (3)\\THYNK ORDNER PRODUCTION\\README-EN.md"
  },
  {
    "id": "readme-nl",
    "title": "Readme Nl",
    "description": "Übersicht und Schnellstart",
    "tags": [
      "Dokumentation"
    ],
    "path": "README-NL.md",
    "category": "Dokumentation",
    "keywords": [
      "wie teste ich",
      "wie installiere ich",
      "fehler beheben",
      "was ist ein terminal"
    ],
    "language": "DE",
    "fullPath": "D:\\busineshuboffline CHATGTP\\TOGETHERSYSTEMS- GITHUB\\Nieuwe map (3)\\THYNK ORDNER PRODUCTION\\README-NL.md"
  },
  {
    "id": "readme-server",
    "title": "Readme Server",
    "description": "Übersicht und Schnellstart",
    "tags": [
      "Dokumentation"
    ],
    "path": "README-SERVER.md",
    "category": "Dokumentation",
    "keywords": [
      "wie teste ich",
      "wie installiere ich",
      "fehler beheben",
      "was ist ein terminal"
    ],
    "language": "DE",
    "fullPath": "D:\\busineshuboffline CHATGTP\\TOGETHERSYSTEMS- GITHUB\\Nieuwe map (3)\\THYNK ORDNER PRODUCTION\\README-SERVER.md"
  },
  {
    "id": "rechnung-de-betreiber-partner",
    "title": "Rechnung De Betreiber Partner",
    "description": "Rechnung/Kalkulation",
    "tags": [
      "Deutsch",
      "Rechnung"
    ],
    "path": "RECHNUNG-DE-BETREIBER-PARTNER.md",
    "category": "Administration",
    "keywords": [
      "rechnung",
      "factuur",
      "kalkulation",
      "kosten",
      "wie teste ich",
      "wie installiere ich",
      "fehler beheben",
      "was ist ein terminal"
    ],
    "language": "DE",
    "fullPath": "D:\\busineshuboffline CHATGTP\\TOGETHERSYSTEMS- GITHUB\\Nieuwe map (3)\\THYNK ORDNER PRODUCTION\\RECHNUNG-DE-BETREIBER-PARTNER.md"
  },
  {
    "id": "samenvatting-volledig",
    "title": "Samenvatting Volledig",
    "description": "Dokumentation für Think Orders System",
    "tags": [
      "Dokumentation"
    ],
    "path": "SAMENVATTING-VOLLEDIG.md",
    "category": "Dokumentation",
    "keywords": [
      "wie teste ich",
      "wie installiere ich",
      "fehler beheben",
      "was ist ein terminal"
    ],
    "language": "DE",
    "fullPath": "D:\\busineshuboffline CHATGTP\\TOGETHERSYSTEMS- GITHUB\\Nieuwe map (3)\\THYNK ORDNER PRODUCTION\\SAMENVATTING-VOLLEDIG.md"
  },
  {
    "id": "status-kalkulation-animation",
    "title": "Status Kalkulation Animation",
    "description": "Status-Report und Übersicht",
    "tags": [
      "Status"
    ],
    "path": "STATUS-KALKULATION-ANIMATION.md",
    "category": "Administration",
    "keywords": [
      "wie teste ich",
      "wie installiere ich",
      "fehler beheben",
      "was ist ein terminal"
    ],
    "language": "DE",
    "fullPath": "D:\\busineshuboffline CHATGTP\\TOGETHERSYSTEMS- GITHUB\\Nieuwe map (3)\\THYNK ORDNER PRODUCTION\\STATUS-KALKULATION-ANIMATION.md"
  },
  {
    "id": "status-rapport-nl",
    "title": "Status Rapport Nl",
    "description": "Status-Report und Übersicht",
    "tags": [
      "Status"
    ],
    "path": "STATUS-RAPPORT-NL.md",
    "category": "Dokumentation",
    "keywords": [
      "wie teste ich",
      "wie installiere ich",
      "fehler beheben",
      "was ist ein terminal"
    ],
    "language": "DE",
    "fullPath": "D:\\busineshuboffline CHATGTP\\TOGETHERSYSTEMS- GITHUB\\Nieuwe map (3)\\THYNK ORDNER PRODUCTION\\STATUS-RAPPORT-NL.md"
  },
  {
    "id": "test-all-deployment-scripts",
    "title": "Test All Deployment Scripts",
    "description": "Test-Dokumentation und Test-Anleitungen",
    "tags": [
      "Tests",
      "Deployment"
    ],
    "path": "TEST-ALL-DEPLOYMENT-SCRIPTS.md",
    "category": "Dokumentation",
    "keywords": [
      "test",
      "tests",
      "testing",
      "playwright",
      "wie teste ich",
      "wie installiere ich",
      "fehler beheben",
      "was ist ein terminal"
    ],
    "language": "DE",
    "fullPath": "D:\\busineshuboffline CHATGTP\\TOGETHERSYSTEMS- GITHUB\\Nieuwe map (3)\\THYNK ORDNER PRODUCTION\\TEST-ALL-DEPLOYMENT-SCRIPTS.md"
  },
  {
    "id": "test-anleitung",
    "title": "Test Anleitung",
    "description": "Schritt-für-Schritt Anleitung",
    "tags": [
      "Tests",
      "Anleitung"
    ],
    "path": "TEST-ANLEITUNG.md",
    "category": "Anleitungen",
    "keywords": [
      "test",
      "tests",
      "testing",
      "playwright",
      "anleitung",
      "guide",
      "tutorial",
      "hilfe",
      "wie teste ich",
      "wie installiere ich",
      "fehler beheben",
      "was ist ein terminal"
    ],
    "language": "DE",
    "fullPath": "D:\\busineshuboffline CHATGTP\\TOGETHERSYSTEMS- GITHUB\\Nieuwe map (3)\\THYNK ORDNER PRODUCTION\\TEST-ANLEITUNG.md"
  },
  {
    "id": "test-handbuecher-vollstaendig",
    "title": "Test Handbuecher Vollstaendig",
    "description": "Test-Dokumentation und Test-Anleitungen",
    "tags": [
      "Tests"
    ],
    "path": "TEST-HANDBUECHER-VOLLSTAENDIG.md",
    "category": "Dokumentation",
    "keywords": [
      "test",
      "tests",
      "testing",
      "playwright",
      "wie teste ich",
      "wie installiere ich",
      "fehler beheben",
      "was ist ein terminal"
    ],
    "language": "DE",
    "fullPath": "D:\\busineshuboffline CHATGTP\\TOGETHERSYSTEMS- GITHUB\\Nieuwe map (3)\\THYNK ORDNER PRODUCTION\\TEST-HANDBUECHER-VOLLSTAENDIG.md"
  },
  {
    "id": "test-report-final",
    "title": "Test Report Final",
    "description": "Test-Dokumentation und Test-Anleitungen",
    "tags": [
      "Tests"
    ],
    "path": "TEST-REPORT-FINAL.md",
    "category": "Dokumentation",
    "keywords": [
      "test",
      "tests",
      "testing",
      "playwright",
      "wie teste ich",
      "wie installiere ich",
      "fehler beheben",
      "was ist ein terminal"
    ],
    "language": "DE",
    "fullPath": "D:\\busineshuboffline CHATGTP\\TOGETHERSYSTEMS- GITHUB\\Nieuwe map (3)\\THYNK ORDNER PRODUCTION\\TEST-REPORT-FINAL.md"
  },
  {
    "id": "test-suite-handbuecher-komplett",
    "title": "Test Suite Handbuecher Komplett",
    "description": "Test-Dokumentation und Test-Anleitungen",
    "tags": [
      "Tests"
    ],
    "path": "TEST-SUITE-HANDBUECHER-KOMPLETT.md",
    "category": "Dokumentation",
    "keywords": [
      "test",
      "tests",
      "testing",
      "playwright",
      "wie teste ich",
      "wie installiere ich",
      "fehler beheben",
      "was ist ein terminal"
    ],
    "language": "DE",
    "fullPath": "D:\\busineshuboffline CHATGTP\\TOGETHERSYSTEMS- GITHUB\\Nieuwe map (3)\\THYNK ORDNER PRODUCTION\\TEST-SUITE-HANDBUECHER-KOMPLETT.md"
  },
  {
    "id": "test-suite-vollstaendig",
    "title": "Test Suite Vollstaendig",
    "description": "Test-Dokumentation und Test-Anleitungen",
    "tags": [
      "Tests"
    ],
    "path": "TEST-SUITE-VOLLSTAENDIG.md",
    "category": "Dokumentation",
    "keywords": [
      "test",
      "tests",
      "testing",
      "playwright",
      "wie teste ich",
      "wie installiere ich",
      "fehler beheben",
      "was ist ein terminal"
    ],
    "language": "DE",
    "fullPath": "D:\\busineshuboffline CHATGTP\\TOGETHERSYSTEMS- GITHUB\\Nieuwe map (3)\\THYNK ORDNER PRODUCTION\\TEST-SUITE-VOLLSTAENDIG.md"
  },
  {
    "id": "test-system-implementiert",
    "title": "Test System Implementiert",
    "description": "Test-Dokumentation und Test-Anleitungen",
    "tags": [
      "Tests"
    ],
    "path": "TEST-SYSTEM-IMPLEMENTIERT.md",
    "category": "Dokumentation",
    "keywords": [
      "test",
      "tests",
      "testing",
      "playwright",
      "wie teste ich",
      "wie installiere ich",
      "fehler beheben",
      "was ist ein terminal"
    ],
    "language": "DE",
    "fullPath": "D:\\busineshuboffline CHATGTP\\TOGETHERSYSTEMS- GITHUB\\Nieuwe map (3)\\THYNK ORDNER PRODUCTION\\TEST-SYSTEM-IMPLEMENTIERT.md"
  },
  {
    "id": "theme-switcher-info",
    "title": "Theme Switcher Info",
    "description": "Dokumentation für Think Orders System",
    "tags": [
      "Dokumentation"
    ],
    "path": "THEME-SWITCHER-INFO.md",
    "category": "Dokumentation",
    "keywords": [
      "wie teste ich",
      "wie installiere ich",
      "fehler beheben",
      "was ist ein terminal"
    ],
    "language": "DE",
    "fullPath": "D:\\busineshuboffline CHATGTP\\TOGETHERSYSTEMS- GITHUB\\Nieuwe map (3)\\THYNK ORDNER PRODUCTION\\THEME-SWITCHER-INFO.md"
  },
  {
    "id": "thynk-orders-daten-sicherung",
    "title": "Thynk Orders Daten Sicherung",
    "description": "Dokumentation für Think Orders System",
    "tags": [
      "Dokumentation"
    ],
    "path": "THYNK-ORDERS-DATEN-SICHERUNG.md",
    "category": "Dokumentation",
    "keywords": [
      "wie teste ich",
      "wie installiere ich",
      "fehler beheben",
      "was ist ein terminal"
    ],
    "language": "DE",
    "fullPath": "D:\\busineshuboffline CHATGTP\\TOGETHERSYSTEMS- GITHUB\\Nieuwe map (3)\\THYNK ORDNER PRODUCTION\\THYNK-ORDERS-DATEN-SICHERUNG.md"
  },
  {
    "id": "umbau-anpassungen-anleitung",
    "title": "Umbau Anpassungen Anleitung",
    "description": "Schritt-für-Schritt Anleitung",
    "tags": [
      "Anleitung"
    ],
    "path": "UMBAU-ANPASSUNGEN-ANLEITUNG.md",
    "category": "Anleitungen",
    "keywords": [
      "anleitung",
      "guide",
      "tutorial",
      "hilfe",
      "wie teste ich",
      "wie installiere ich",
      "fehler beheben",
      "was ist ein terminal"
    ],
    "language": "DE",
    "fullPath": "D:\\busineshuboffline CHATGTP\\TOGETHERSYSTEMS- GITHUB\\Nieuwe map (3)\\THYNK ORDNER PRODUCTION\\UMBAU-ANPASSUNGEN-ANLEITUNG.md"
  },
  {
    "id": "vollstaendige-all-pages-replika",
    "title": "Vollstaendige All Pages Replika",
    "description": "Dokumentation für Think Orders System",
    "tags": [
      "Dokumentation"
    ],
    "path": "VOLLSTAENDIGE-ALL-PAGES-REPLIKA.md",
    "category": "Dokumentation",
    "keywords": [
      "wie teste ich",
      "wie installiere ich",
      "fehler beheben",
      "was ist ein terminal"
    ],
    "language": "DE",
    "fullPath": "D:\\busineshuboffline CHATGTP\\TOGETHERSYSTEMS- GITHUB\\Nieuwe map (3)\\THYNK ORDNER PRODUCTION\\VOLLSTAENDIGE-ALL-PAGES-REPLIKA.md"
  },
  {
    "id": "vollst-ndige-implementierung-status",
    "title": "Vollständige Implementierung Status",
    "description": "Status-Report und Übersicht",
    "tags": [
      "Status"
    ],
    "path": "VOLLSTÄNDIGE-IMPLEMENTIERUNG-STATUS.md",
    "category": "Dokumentation",
    "keywords": [
      "wie teste ich",
      "wie installiere ich",
      "fehler beheben",
      "was ist ein terminal"
    ],
    "language": "DE",
    "fullPath": "D:\\busineshuboffline CHATGTP\\TOGETHERSYSTEMS- GITHUB\\Nieuwe map (3)\\THYNK ORDNER PRODUCTION\\VOLLSTÄNDIGE-IMPLEMENTIERUNG-STATUS.md"
  },
  {
    "id": "weiterverteilung-anleitung",
    "title": "Weiterverteilung Anleitung",
    "description": "Schritt-für-Schritt Anleitung",
    "tags": [
      "Anleitung"
    ],
    "path": "WEITERVERTEILUNG-ANLEITUNG.md",
    "category": "Anleitungen",
    "keywords": [
      "anleitung",
      "guide",
      "tutorial",
      "hilfe",
      "wie teste ich",
      "wie installiere ich",
      "fehler beheben",
      "was ist ein terminal"
    ],
    "language": "DE",
    "fullPath": "D:\\busineshuboffline CHATGTP\\TOGETHERSYSTEMS- GITHUB\\Nieuwe map (3)\\THYNK ORDNER PRODUCTION\\WEITERVERTEILUNG-ANLEITUNG.md"
  },
  {
    "id": "zusammenfassung-dokumentation",
    "title": "Zusammenfassung Dokumentation",
    "description": "Technische Dokumentation",
    "tags": [
      "Dokumentation"
    ],
    "path": "ZUSAMMENFASSUNG-DOKUMENTATION.md",
    "category": "Dokumentation",
    "keywords": [
      "dokumentation",
      "doku",
      "docs",
      "wie teste ich",
      "wie installiere ich",
      "fehler beheben",
      "was ist ein terminal"
    ],
    "language": "DE",
    "fullPath": "D:\\busineshuboffline CHATGTP\\TOGETHERSYSTEMS- GITHUB\\Nieuwe map (3)\\THYNK ORDNER PRODUCTION\\ZUSAMMENFASSUNG-DOKUMENTATION.md"
  },
  {
    "id": "zusatzliche-mittel-de",
    "title": "Zusatzliche Mittel De",
    "description": "Dokumentation für Think Orders System",
    "tags": [
      "Dokumentation"
    ],
    "path": "ZUSATZLICHE-MITTEL-DE.md",
    "category": "Dokumentation",
    "keywords": [
      "wie teste ich",
      "wie installiere ich",
      "fehler beheben",
      "was ist ein terminal"
    ],
    "language": "DE",
    "fullPath": "D:\\busineshuboffline CHATGTP\\TOGETHERSYSTEMS- GITHUB\\Nieuwe map (3)\\THYNK ORDNER PRODUCTION\\ZUSATZLICHE-MITTEL-DE.md"
  },
  {
    "id": "anleitung-complete-branding",
    "title": "Anleitung Complete Branding",
    "description": "Schritt-für-Schritt Anleitung",
    "tags": [
      "Anleitung"
    ],
    "path": "branding/ANLEITUNG-COMPLETE-BRANDING.md",
    "category": "Anleitungen",
    "keywords": [
      "anleitung",
      "guide",
      "tutorial",
      "hilfe",
      "wie teste ich",
      "wie installiere ich",
      "fehler beheben",
      "was ist ein terminal"
    ],
    "language": "DE",
    "fullPath": "D:\\busineshuboffline CHATGTP\\TOGETHERSYSTEMS- GITHUB\\Nieuwe map (3)\\THYNK ORDNER PRODUCTION\\branding\\ANLEITUNG-COMPLETE-BRANDING.md"
  },
  {
    "id": "readme",
    "title": "Readme",
    "description": "Übersicht und Schnellstart",
    "tags": [
      "Dokumentation"
    ],
    "path": "branding/README.md",
    "category": "Dokumentation",
    "keywords": [
      "wie teste ich",
      "wie installiere ich",
      "fehler beheben",
      "was ist ein terminal"
    ],
    "language": "DE",
    "fullPath": "D:\\busineshuboffline CHATGTP\\TOGETHERSYSTEMS- GITHUB\\Nieuwe map (3)\\THYNK ORDNER PRODUCTION\\branding\\README.md"
  },
  {
    "id": "readme",
    "title": "Readme",
    "description": "Übersicht und Schnellstart",
    "tags": [
      "Dokumentation"
    ],
    "path": "config/README.md",
    "category": "Dokumentation",
    "keywords": [
      "wie teste ich",
      "wie installiere ich",
      "fehler beheben",
      "was ist ein terminal"
    ],
    "language": "DE",
    "fullPath": "D:\\busineshuboffline CHATGTP\\TOGETHERSYSTEMS- GITHUB\\Nieuwe map (3)\\THYNK ORDNER PRODUCTION\\config\\README.md"
  },
  {
    "id": "alle-tests-ausfuehren",
    "title": "Alle Tests Ausfuehren",
    "description": "Test-Dokumentation und Test-Anleitungen",
    "tags": [
      "Tests"
    ],
    "path": "tests/think-orders/ALLE-TESTS-AUSFUEHREN.md",
    "category": "Tests",
    "keywords": [
      "test",
      "tests",
      "testing",
      "playwright",
      "wie teste ich",
      "wie installiere ich",
      "fehler beheben",
      "was ist ein terminal",
      "think-orders",
      "orders"
    ],
    "language": "DE",
    "fullPath": "D:\\busineshuboffline CHATGTP\\TOGETHERSYSTEMS- GITHUB\\Nieuwe map (3)\\THYNK ORDNER PRODUCTION\\tests\\think-orders\\ALLE-TESTS-AUSFUEHREN.md"
  },
  {
    "id": "bilder-anleitung",
    "title": "Bilder Anleitung",
    "description": "Schritt-für-Schritt Anleitung",
    "tags": [
      "Anleitung"
    ],
    "path": "tests/think-orders/BILDER-ANLEITUNG.md",
    "category": "Anleitungen",
    "keywords": [
      "anleitung",
      "guide",
      "tutorial",
      "hilfe",
      "wie teste ich",
      "wie installiere ich",
      "fehler beheben",
      "was ist ein terminal",
      "tests",
      "testing",
      "think-orders",
      "orders"
    ],
    "language": "DE",
    "fullPath": "D:\\busineshuboffline CHATGTP\\TOGETHERSYSTEMS- GITHUB\\Nieuwe map (3)\\THYNK ORDNER PRODUCTION\\tests\\think-orders\\BILDER-ANLEITUNG.md"
  },
  {
    "id": "erweiterungs-anleitung",
    "title": "Erweiterungs Anleitung",
    "description": "Schritt-für-Schritt Anleitung",
    "tags": [
      "Anleitung"
    ],
    "path": "tests/think-orders/ERWEITERUNGS-ANLEITUNG.md",
    "category": "Anleitungen",
    "keywords": [
      "anleitung",
      "guide",
      "tutorial",
      "hilfe",
      "erweitern",
      "extension",
      "entwicklung",
      "wie teste ich",
      "wie installiere ich",
      "fehler beheben",
      "was ist ein terminal",
      "tests",
      "testing",
      "think-orders",
      "orders"
    ],
    "language": "DE",
    "fullPath": "D:\\busineshuboffline CHATGTP\\TOGETHERSYSTEMS- GITHUB\\Nieuwe map (3)\\THYNK ORDNER PRODUCTION\\tests\\think-orders\\ERWEITERUNGS-ANLEITUNG.md"
  },
  {
    "id": "erweiterungs-handbuch-vollstaendig",
    "title": "Erweiterungs Handbuch Vollstaendig",
    "description": "Vollständiges Handbuch mit detaillierten Anleitungen",
    "tags": [
      "Handbuch"
    ],
    "path": "tests/think-orders/ERWEITERUNGS-HANDBUCH-VOLLSTAENDIG.md",
    "category": "Handbücher",
    "keywords": [
      "handbuch",
      "handbook",
      "anleitung",
      "guide",
      "erweitern",
      "extension",
      "entwicklung",
      "wie teste ich",
      "wie installiere ich",
      "fehler beheben",
      "was ist ein terminal",
      "tests",
      "testing",
      "think-orders",
      "orders"
    ],
    "language": "DE",
    "fullPath": "D:\\busineshuboffline CHATGTP\\TOGETHERSYSTEMS- GITHUB\\Nieuwe map (3)\\THYNK ORDNER PRODUCTION\\tests\\think-orders\\ERWEITERUNGS-HANDBUCH-VOLLSTAENDIG.md"
  },
  {
    "id": "final-handbuecher-status",
    "title": "Final Handbuecher Status",
    "description": "Status-Report und Übersicht",
    "tags": [
      "Status"
    ],
    "path": "tests/think-orders/FINAL-HANDBUECHER-STATUS.md",
    "category": "Tests",
    "keywords": [
      "wie teste ich",
      "wie installiere ich",
      "fehler beheben",
      "was ist ein terminal",
      "tests",
      "testing",
      "think-orders",
      "orders"
    ],
    "language": "DE",
    "fullPath": "D:\\busineshuboffline CHATGTP\\TOGETHERSYSTEMS- GITHUB\\Nieuwe map (3)\\THYNK ORDNER PRODUCTION\\tests\\think-orders\\FINAL-HANDBUECHER-STATUS.md"
  },
  {
    "id": "handbuch-de-komplett",
    "title": "Handbuch De Komplett",
    "description": "Vollständiges Handbuch mit detaillierten Anleitungen",
    "tags": [
      "Deutsch",
      "Handbuch"
    ],
    "path": "tests/think-orders/HANDBUCH-DE-KOMPLETT.md",
    "category": "Handbücher",
    "keywords": [
      "handbuch",
      "handbook",
      "anleitung",
      "guide",
      "wie teste ich",
      "wie installiere ich",
      "fehler beheben",
      "was ist ein terminal",
      "tests",
      "testing",
      "think-orders",
      "orders"
    ],
    "language": "DE",
    "fullPath": "D:\\busineshuboffline CHATGTP\\TOGETHERSYSTEMS- GITHUB\\Nieuwe map (3)\\THYNK ORDNER PRODUCTION\\tests\\think-orders\\HANDBUCH-DE-KOMPLETT.md"
  },
  {
    "id": "handbuch-en-complete",
    "title": "Handbuch En Complete",
    "description": "Vollständiges Handbuch mit detaillierten Anleitungen",
    "tags": [
      "English",
      "Handbuch"
    ],
    "path": "tests/think-orders/HANDBUCH-EN-COMPLETE.md",
    "category": "Handbücher",
    "keywords": [
      "handbuch",
      "handbook",
      "anleitung",
      "guide",
      "wie teste ich",
      "wie installiere ich",
      "fehler beheben",
      "was ist ein terminal",
      "tests",
      "testing",
      "think-orders",
      "orders"
    ],
    "language": "EN",
    "fullPath": "D:\\busineshuboffline CHATGTP\\TOGETHERSYSTEMS- GITHUB\\Nieuwe map (3)\\THYNK ORDNER PRODUCTION\\tests\\think-orders\\HANDBUCH-EN-COMPLETE.md"
  },
  {
    "id": "handbuch-index",
    "title": "Handbuch Index",
    "description": "Vollständiges Handbuch mit detaillierten Anleitungen",
    "tags": [
      "Handbuch"
    ],
    "path": "tests/think-orders/HANDBUCH-INDEX.md",
    "category": "Handbücher",
    "keywords": [
      "handbuch",
      "handbook",
      "anleitung",
      "guide",
      "wie teste ich",
      "wie installiere ich",
      "fehler beheben",
      "was ist ein terminal",
      "tests",
      "testing",
      "think-orders",
      "orders"
    ],
    "language": "DE",
    "fullPath": "D:\\busineshuboffline CHATGTP\\TOGETHERSYSTEMS- GITHUB\\Nieuwe map (3)\\THYNK ORDNER PRODUCTION\\tests\\think-orders\\HANDBUCH-INDEX.md"
  },
  {
    "id": "handbuch-nl-komplett",
    "title": "Handbuch Nl Komplett",
    "description": "Vollständiges Handbuch mit detaillierten Anleitungen",
    "tags": [
      "Nederlands",
      "Handbuch"
    ],
    "path": "tests/think-orders/HANDBUCH-NL-KOMPLETT.md",
    "category": "Handbücher",
    "keywords": [
      "handbuch",
      "handbook",
      "anleitung",
      "guide",
      "wie teste ich",
      "wie installiere ich",
      "fehler beheben",
      "was ist ein terminal",
      "tests",
      "testing",
      "think-orders",
      "orders"
    ],
    "language": "NL",
    "fullPath": "D:\\busineshuboffline CHATGTP\\TOGETHERSYSTEMS- GITHUB\\Nieuwe map (3)\\THYNK ORDNER PRODUCTION\\tests\\think-orders\\HANDBUCH-NL-KOMPLETT.md"
  },
  {
    "id": "handbuecher-zusammenfassung",
    "title": "Handbuecher Zusammenfassung",
    "description": "Dokumentation für Think Orders System",
    "tags": [
      "Dokumentation"
    ],
    "path": "tests/think-orders/HANDBUECHER-ZUSAMMENFASSUNG.md",
    "category": "Tests",
    "keywords": [
      "wie teste ich",
      "wie installiere ich",
      "fehler beheben",
      "was ist ein terminal",
      "tests",
      "testing",
      "think-orders",
      "orders"
    ],
    "language": "DE",
    "fullPath": "D:\\busineshuboffline CHATGTP\\TOGETHERSYSTEMS- GITHUB\\Nieuwe map (3)\\THYNK ORDNER PRODUCTION\\tests\\think-orders\\HANDBUECHER-ZUSAMMENFASSUNG.md"
  },
  {
    "id": "readme",
    "title": "Readme",
    "description": "Übersicht und Schnellstart",
    "tags": [
      "Dokumentation"
    ],
    "path": "tests/think-orders/README.md",
    "category": "Tests",
    "keywords": [
      "wie teste ich",
      "wie installiere ich",
      "fehler beheben",
      "was ist ein terminal",
      "tests",
      "testing",
      "think-orders",
      "orders"
    ],
    "language": "DE",
    "fullPath": "D:\\busineshuboffline CHATGTP\\TOGETHERSYSTEMS- GITHUB\\Nieuwe map (3)\\THYNK ORDNER PRODUCTION\\tests\\think-orders\\README.md"
  },
  {
    "id": "start-hier-dummies",
    "title": "Start Hier Dummies",
    "description": "Dokumentation für Think Orders System",
    "tags": [
      "Anfänger"
    ],
    "path": "tests/think-orders/START-HIER-DUMMIES.md",
    "category": "Tests",
    "keywords": [
      "dummies",
      "anfänger",
      "beginner",
      "quick start",
      "wie teste ich",
      "wie installiere ich",
      "fehler beheben",
      "was ist ein terminal",
      "tests",
      "testing",
      "think-orders",
      "orders"
    ],
    "language": "DE",
    "fullPath": "D:\\busineshuboffline CHATGTP\\TOGETHERSYSTEMS- GITHUB\\Nieuwe map (3)\\THYNK ORDNER PRODUCTION\\tests\\think-orders\\START-HIER-DUMMIES.md"
  },
  {
    "id": "start-hier",
    "title": "Start Hier",
    "description": "Dokumentation für Think Orders System",
    "tags": [
      "Dokumentation"
    ],
    "path": "tests/think-orders/START-HIER.md",
    "category": "Tests",
    "keywords": [
      "wie teste ich",
      "wie installiere ich",
      "fehler beheben",
      "was ist ein terminal",
      "tests",
      "testing",
      "think-orders",
      "orders"
    ],
    "language": "DE",
    "fullPath": "D:\\busineshuboffline CHATGTP\\TOGETHERSYSTEMS- GITHUB\\Nieuwe map (3)\\THYNK ORDNER PRODUCTION\\tests\\think-orders\\START-HIER.md"
  },
  {
    "id": "test-features",
    "title": "Test Features",
    "description": "Test-Dokumentation und Test-Anleitungen",
    "tags": [
      "Tests"
    ],
    "path": "tests/think-orders/TEST-FEATURES.md",
    "category": "Tests",
    "keywords": [
      "test",
      "tests",
      "testing",
      "playwright",
      "wie teste ich",
      "wie installiere ich",
      "fehler beheben",
      "was ist ein terminal",
      "think-orders",
      "orders"
    ],
    "language": "DE",
    "fullPath": "D:\\busineshuboffline CHATGTP\\TOGETHERSYSTEMS- GITHUB\\Nieuwe map (3)\\THYNK ORDNER PRODUCTION\\tests\\think-orders\\TEST-FEATURES.md"
  },
  {
    "id": "readme-de",
    "title": "Readme De",
    "description": "Übersicht und Schnellstart",
    "tags": [
      "Dokumentation"
    ],
    "path": "THYNK-ORDERS-FINAL/README-DE.md",
    "category": "Dokumentation",
    "keywords": [
      "wie teste ich",
      "wie installiere ich",
      "fehler beheben",
      "was ist ein terminal"
    ],
    "language": "DE",
    "fullPath": "D:\\busineshuboffline CHATGTP\\TOGETHERSYSTEMS- GITHUB\\Nieuwe map (3)\\THYNK ORDNER PRODUCTION\\THYNK-ORDERS-FINAL\\README-DE.md"
  },
  {
    "id": "readme-en",
    "title": "Readme En",
    "description": "Übersicht und Schnellstart",
    "tags": [
      "Dokumentation"
    ],
    "path": "THYNK-ORDERS-FINAL/README-EN.md",
    "category": "Dokumentation",
    "keywords": [
      "wie teste ich",
      "wie installiere ich",
      "fehler beheben",
      "was ist ein terminal"
    ],
    "language": "DE",
    "fullPath": "D:\\busineshuboffline CHATGTP\\TOGETHERSYSTEMS- GITHUB\\Nieuwe map (3)\\THYNK ORDNER PRODUCTION\\THYNK-ORDERS-FINAL\\README-EN.md"
  },
  {
    "id": "readme-nl",
    "title": "Readme Nl",
    "description": "Übersicht und Schnellstart",
    "tags": [
      "Dokumentation"
    ],
    "path": "THYNK-ORDERS-FINAL/README-NL.md",
    "category": "Dokumentation",
    "keywords": [
      "wie teste ich",
      "wie installiere ich",
      "fehler beheben",
      "was ist ein terminal"
    ],
    "language": "DE",
    "fullPath": "D:\\busineshuboffline CHATGTP\\TOGETHERSYSTEMS- GITHUB\\Nieuwe map (3)\\THYNK ORDNER PRODUCTION\\THYNK-ORDERS-FINAL\\README-NL.md"
  },
  {
    "id": "anleitung-fuer-dummies",
    "title": "Anleitung Fuer Dummies",
    "description": "Schritt-für-Schritt Anleitung",
    "tags": [
      "Anfänger",
      "Anleitung"
    ],
    "path": "THYNK-ORDERS-FINAL/docs/de/ANLEITUNG-FUER-DUMMIES.md",
    "category": "Anleitungen",
    "keywords": [
      "anleitung",
      "guide",
      "tutorial",
      "hilfe",
      "dummies",
      "anfänger",
      "beginner",
      "quick start",
      "wie teste ich",
      "wie installiere ich",
      "fehler beheben",
      "was ist ein terminal"
    ],
    "language": "DE",
    "fullPath": "D:\\busineshuboffline CHATGTP\\TOGETHERSYSTEMS- GITHUB\\Nieuwe map (3)\\THYNK ORDNER PRODUCTION\\THYNK-ORDERS-FINAL\\docs\\de\\ANLEITUNG-FUER-DUMMIES.md"
  },
  {
    "id": "datenbank-dokumentation",
    "title": "Datenbank Dokumentation",
    "description": "Technische Dokumentation",
    "tags": [
      "Dokumentation"
    ],
    "path": "THYNK-ORDERS-FINAL/docs/de/DATENBANK-DOKUMENTATION.md",
    "category": "Dokumentation",
    "keywords": [
      "dokumentation",
      "doku",
      "docs",
      "wie teste ich",
      "wie installiere ich",
      "fehler beheben",
      "was ist ein terminal"
    ],
    "language": "DE",
    "fullPath": "D:\\busineshuboffline CHATGTP\\TOGETHERSYSTEMS- GITHUB\\Nieuwe map (3)\\THYNK ORDNER PRODUCTION\\THYNK-ORDERS-FINAL\\docs\\de\\DATENBANK-DOKUMENTATION.md"
  },
  {
    "id": "dokumentation-complete-de",
    "title": "Dokumentation Complete De",
    "description": "Technische Dokumentation",
    "tags": [
      "Dokumentation"
    ],
    "path": "THYNK-ORDERS-FINAL/docs/de/DOKUMENTATION-COMPLETE-DE.md",
    "category": "Dokumentation",
    "keywords": [
      "dokumentation",
      "doku",
      "docs",
      "wie teste ich",
      "wie installiere ich",
      "fehler beheben",
      "was ist ein terminal"
    ],
    "language": "DE",
    "fullPath": "D:\\busineshuboffline CHATGTP\\TOGETHERSYSTEMS- GITHUB\\Nieuwe map (3)\\THYNK ORDNER PRODUCTION\\THYNK-ORDERS-FINAL\\docs\\de\\DOKUMENTATION-COMPLETE-DE.md"
  },
  {
    "id": "dokumentation-complete-en",
    "title": "Dokumentation Complete En",
    "description": "Technische Dokumentation",
    "tags": [
      "Dokumentation"
    ],
    "path": "THYNK-ORDERS-FINAL/docs/en/DOKUMENTATION-COMPLETE-EN.md",
    "category": "Dokumentation",
    "keywords": [
      "dokumentation",
      "doku",
      "docs",
      "wie teste ich",
      "wie installiere ich",
      "fehler beheben",
      "was ist ein terminal"
    ],
    "language": "DE",
    "fullPath": "D:\\busineshuboffline CHATGTP\\TOGETHERSYSTEMS- GITHUB\\Nieuwe map (3)\\THYNK ORDNER PRODUCTION\\THYNK-ORDERS-FINAL\\docs\\en\\DOKUMENTATION-COMPLETE-EN.md"
  },
  {
    "id": "readme-en",
    "title": "Readme En",
    "description": "Übersicht und Schnellstart",
    "tags": [
      "Dokumentation"
    ],
    "path": "THYNK-ORDERS-FINAL/docs/en/README-EN.md",
    "category": "Dokumentation",
    "keywords": [
      "wie teste ich",
      "wie installiere ich",
      "fehler beheben",
      "was ist ein terminal"
    ],
    "language": "DE",
    "fullPath": "D:\\busineshuboffline CHATGTP\\TOGETHERSYSTEMS- GITHUB\\Nieuwe map (3)\\THYNK ORDNER PRODUCTION\\THYNK-ORDERS-FINAL\\docs\\en\\README-EN.md"
  },
  {
    "id": "dokumentation-complete-nl",
    "title": "Dokumentation Complete Nl",
    "description": "Technische Dokumentation",
    "tags": [
      "Dokumentation"
    ],
    "path": "THYNK-ORDERS-FINAL/docs/nl/DOKUMENTATION-COMPLETE-NL.md",
    "category": "Dokumentation",
    "keywords": [
      "dokumentation",
      "doku",
      "docs",
      "wie teste ich",
      "wie installiere ich",
      "fehler beheben",
      "was ist ein terminal"
    ],
    "language": "DE",
    "fullPath": "D:\\busineshuboffline CHATGTP\\TOGETHERSYSTEMS- GITHUB\\Nieuwe map (3)\\THYNK ORDNER PRODUCTION\\THYNK-ORDERS-FINAL\\docs\\nl\\DOKUMENTATION-COMPLETE-NL.md"
  },
  {
    "id": "readme-nl",
    "title": "Readme Nl",
    "description": "Übersicht und Schnellstart",
    "tags": [
      "Dokumentation"
    ],
    "path": "THYNK-ORDERS-FINAL/docs/nl/README-NL.md",
    "category": "Dokumentation",
    "keywords": [
      "wie teste ich",
      "wie installiere ich",
      "fehler beheben",
      "was ist ein terminal"
    ],
    "language": "DE",
    "fullPath": "D:\\busineshuboffline CHATGTP\\TOGETHERSYSTEMS- GITHUB\\Nieuwe map (3)\\THYNK ORDNER PRODUCTION\\THYNK-ORDERS-FINAL\\docs\\nl\\README-NL.md"
  },
  {
    "id": "readme-original-kopie",
    "title": "Readme Original Kopie",
    "description": "Übersicht und Schnellstart",
    "tags": [
      "Dokumentation"
    ],
    "path": "thynk-original/README-ORIGINAL-KOPIE.md",
    "category": "Dokumentation",
    "keywords": [
      "wie teste ich",
      "wie installiere ich",
      "fehler beheben",
      "was ist ein terminal"
    ],
    "language": "DE",
    "fullPath": "D:\\busineshuboffline CHATGTP\\TOGETHERSYSTEMS- GITHUB\\Nieuwe map (3)\\THYNK ORDNER PRODUCTION\\thynk-original\\README-ORIGINAL-KOPIE.md"
  },
  {
    "id": "readme",
    "title": "Readme",
    "description": "Übersicht und Schnellstart",
    "tags": [
      "Dokumentation"
    ],
    "path": "thynk-original/README.md",
    "category": "Dokumentation",
    "keywords": [
      "wie teste ich",
      "wie installiere ich",
      "fehler beheben",
      "was ist ein terminal"
    ],
    "language": "DE",
    "fullPath": "D:\\busineshuboffline CHATGTP\\TOGETHERSYSTEMS- GITHUB\\Nieuwe map (3)\\THYNK ORDNER PRODUCTION\\thynk-original\\README.md"
  },
  {
    "id": "readme",
    "title": "Readme",
    "description": "Übersicht und Schnellstart",
    "tags": [
      "Dokumentation"
    ],
    "path": "thynk-original/branding/README.md",
    "category": "Dokumentation",
    "keywords": [
      "wie teste ich",
      "wie installiere ich",
      "fehler beheben",
      "was ist ein terminal"
    ],
    "language": "DE",
    "fullPath": "D:\\busineshuboffline CHATGTP\\TOGETHERSYSTEMS- GITHUB\\Nieuwe map (3)\\THYNK ORDNER PRODUCTION\\thynk-original\\branding\\README.md"
  },
  {
    "id": "readme",
    "title": "Readme",
    "description": "Übersicht und Schnellstart",
    "tags": [
      "Dokumentation"
    ],
    "path": "thynk-original/system/README.md",
    "category": "Dokumentation",
    "keywords": [
      "wie teste ich",
      "wie installiere ich",
      "fehler beheben",
      "was ist ein terminal"
    ],
    "language": "DE",
    "fullPath": "D:\\busineshuboffline CHATGTP\\TOGETHERSYSTEMS- GITHUB\\Nieuwe map (3)\\THYNK ORDNER PRODUCTION\\thynk-original\\system\\README.md"
  }
]