{
  "dimensions": {
    "hospitality": {
      "business_logic": {
        "order_workflow": [
          "draft",
          "pending_approval",
          "approved",
          "processing",
          "completed",
          "cancelled"
        ],
        "payment_methods": [
          "credit_card",
          "bank_transfer",
          "invoice",
          "cash"
        ],
        "order_types": [
          "restaurant",
          "hotel",
          "catering",
          "retail"
        ]
      },
      "data_structures": {
        "customer_segments": [
          "individual",
          "corporate",
          "wholesale"
        ],
        "product_categories": [
          "food",
          "beverage",
          "service",
          "merchandise"
        ]
      },
      "configurable_fields": {
        "order": [
          "delivery_date",
          "delivery_time",
          "special_instructions",
          "dietary_requirements"
        ],
        "customer": [
          "loyalty_points",
          "preferred_payment",
          "discount_rate"
        ]
      }
    },
    "commercial_platform": {
      "modules": [
        "inventory",
        "procurement",
        "supply_chain",
        "analytics",
        "reporting"
      ],
      "integrations": [
        "payment_gateways",
        "shipping_providers",
        "accounting_systems"
      ]
    }
  },
  "note": "Dimensionen aus thynkorders.com - muss 1:1 übernommen werden",
  "source": "https://thynkorders.com/#/userCenter"
}

