{
  "neural_networks": {
    "recommendation_engine": {
      "type": "deep_learning",
      "architecture": "ZU_KONFIGURIEREN",
      "layers": "ZU_KONFIGURIEREN",
      "weights": "ZU_KONFIGURIEREN",
      "training_data": {
        "source": "ZU_KONFIGURIEREN",
        "format": "ZU_KONFIGURIEREN"
      },
      "predictions": {
        "product_recommendations": true,
        "demand_forecasting": true,
        "price_optimization": true
      }
    },
    "demand_forecasting": {
      "type": "time_series",
      "model": "ZU_KONFIGURIEREN",
      "parameters": {
        "lookback_period": "ZU_KONFIGURIEREN",
        "forecast_horizon": "ZU_KONFIGURIEREN",
        "features": "ZU_KONFIGURIEREN"
      }
    },
    "price_optimization": {
      "type": "reinforcement_learning",
      "algorithm": "ZU_KONFIGURIEREN",
      "reward_function": "ZU_KONFIGURIEREN",
      "state_space": "ZU_KONFIGURIEREN"
    }
  },
  "ai_services": {
    "natural_language_processing": {
      "provider": "ZU_KONFIGURIEREN",
      "models": "ZU_KONFIGURIEREN",
      "use_cases": [
        "order_processing",
        "customer_service",
        "report_generation"
      ]
    },
    "computer_vision": {
      "provider": "ZU_KONFIGURIEREN",
      "use_cases": [
        "product_recognition",
        "quality_control",
        "inventory_counting"
      ]
    }
  },
  "note": "Neuronale Netzwerk-Konfigurationen müssen aus thynkorders.com System extrahiert werden",
  "source": "https://thynkorders.com/#/userCenter"
}

