{
  "salesforce": {
    "org_id": "ZU_KONFIGURIEREN",
    "api_version": "v59.0",
    "instance_url": "https://thynkorders.com",
    "auth": {
      "type": "oauth2",
      "client_id": "ZU_KONFIGURIEREN",
      "client_secret": "ZU_KONFIGURIEREN",
      "redirect_uri": "https://thynkorders.com/callback",
      "scope": "api refresh_token"
    },
    "objects": {
      "orders": {
        "api_name": "Order__c",
        "fields": [
          "Id",
          "Name",
          "Order_Number__c",
          "Status__c",
          "Total_Amount__c",
          "Customer__c",
          "CreatedDate"
        ]
      },
      "customers": {
        "api_name": "Account",
        "fields": [
          "Id",
          "Name",
          "Email__c",
          "Phone",
          "BillingAddress"
        ]
      },
      "products": {
        "api_name": "Product2",
        "fields": [
          "Id",
          "Name",
          "ProductCode",
          "Price__c"
        ]
      }
    },
    "webhooks": {
      "order_created": "ZU_KONFIGURIEREN",
      "order_updated": "ZU_KONFIGURIEREN",
      "payment_received": "ZU_KONFIGURIEREN"
    }
  },
  "note": "Diese Konfiguration muss mit den echten Salesforce-Daten aus thynkorders.com gefüllt werden",
  "source": "https://thynkorders.com/#/userCenter"
}

