{
  "brand": {
    "name": "THYNK ORDERS",
    "tagline": "Thynk the Hospitality Commercial Platform Powered by Salesforce CRM",
    "version": "1.0.0",
    "source": "https://thynkorders.com"
  },
  "colors": {
    "primary": "#000000",
    "secondary": "#FFFFFF",
    "accent": "#FF0000",
    "background": "#FFFFFF",
    "text": "#000000",
    "link": "#0066CC",
    "hover": "#0052A3",
    "success": "#4CAF50",
    "error": "#F44336",
    "warning": "#FF9800",
    "info": "#2196F3"
  },
  "typography": {
    "font_family": "Arial, Helvetica, sans-serif",
    "font_size_base": "14px",
    "font_weight_normal": "400",
    "font_weight_bold": "700",
    "line_height": "1.5"
  },
  "logo": {
    "main": "images/logo.png",
    "favicon": "images/favicon.ico",
    "alt_text": "THYNK ORDERS"
  },
  "layout": {
    "max_width": "1200px",
    "padding": "20px",
    "border_radius": "4px",
    "spacing_unit": "8px"
  },
  "components": {
    "buttons": {
      "primary_color": "#0066CC",
      "primary_hover": "#0052A3",
      "border_radius": "4px",
      "padding": "10px 20px"
    },
    "forms": {
      "input_border": "1px solid #CCCCCC",
      "input_focus": "2px solid #0066CC",
      "border_radius": "4px"
    },
    "tables": {
      "header_bg": "#F5F5F5",
      "row_hover": "#F9F9F9",
      "border": "1px solid #DDDDDD"
    }
  },
  "extracted_from": "https://thynkorders.com",
  "note": "Diese Konfiguration wird 1:1 von thynkorders.com extrahiert und hier gespeichert"
}

