{
  "color_palette": {
    "primary": {
      "main": "#000000",
      "light": "#333333",
      "dark": "#000000"
    },
    "secondary": {
      "main": "#FFFFFF",
      "light": "#FFFFFF",
      "dark": "#CCCCCC"
    },
    "accent": {
      "main": "#FF0000",
      "light": "#FF3333",
      "dark": "#CC0000"
    },
    "background": {
      "main": "#FFFFFF",
      "secondary": "#F5F5F5",
      "tertiary": "#E0E0E0"
    },
    "text": {
      "primary": "#000000",
      "secondary": "#666666",
      "disabled": "#999999"
    },
    "status": {
      "success": "#4CAF50",
      "error": "#F44336",
      "warning": "#FF9800",
      "info": "#2196F3"
    },
    "extracted_from": "https://thynkorders.com",
  },
  "usage_notes": {
    "primary": "Hauptfarbe für Buttons, Links, Akzente",
    "secondary": "Hintergrundfarbe, Cards",
    "accent": "Wichtige Hinweise, Alerts",
    "background": "Seiten-Hintergrund",
    "text": "Text-Farben"
  }
}

