{
  "version": "1.0.0",
  "enabled": true,
  "type": "feedforward",
  "layers": [
    {
      "type": "input",
      "neurons": 784,
      "activation": "relu"
    },
    {
      "type": "hidden",
      "neurons": 128,
      "activation": "relu"
    },
    {
      "type": "hidden",
      "neurons": 64,
      "activation": "relu"
    },
    {
      "type": "output",
      "neurons": 10,
      "activation": "softmax"
    }
  ],
  "training": {
    "epochs": 100,
    "batchSize": 32,
    "learningRate": 0.001,
    "optimizer": "adam"
  },
  "features": {
    "autoLearning": true,
    "patternRecognition": true,
    "prediction": true,
    "classification": true
  },
  "integration": {
    "togetherSystems": true,
    "startupSystems": true,
    "buildTools": true
  }
}

