{
  "version": "1.0.0",
  "lastUpdated": "2025-11-25",
  "onboarding": {
    "enabled": true,
    "autoWelcome": true,
    "autoAccess": true,
    "autoNaming": true,
    "welcomeMessage": "Herzlich willkommen bei Together Systems & Startup Systems! Wir freuen uns, dass Sie Teil unseres Teams sind.",
    "confirmationRequired": false
  },
  "employees": [],
  "templates": {
    "welcome": {
      "subject": "Willkommen bei Together Systems & Startup Systems",
      "message": "Herzlich willkommen! Sie wurden erfolgreich als Mitarbeiter registriert. Ihr Zugang wurde automatisch eingerichtet.",
      "include": [
        "accessCredentials",
        "projectLinks",
        "documentation",
        "supportContacts"
      ]
    },
    "naming": {
      "pattern": "{firstName}.{lastName}",
      "lowercase": true,
      "specialChars": false
    },
    "access": {
      "defaultRole": "developer",
      "autoPermissions": [
        "read",
        "write",
        "test",
        "deploy"
      ],
      "requireVerification": false
    }
  },
  "verification": {
    "notary": {
      "enabled": true,
      "required": false,
      "cost": 0,
      "onDemand": true
    },
    "digital": {
      "enabled": true,
      "required": true,
      "method": "email"
    }
  },
  "integration": {
    "togetherSystems": true,
    "startupSystems": true,
    "github": true,
    "cloudflare": true,
    "buildTools": true
  }
}

