{
  "version": "1.0.0",
  "lastUpdated": "2025-11-25",
  "providers": [
    {
      "id": "cloudflare-pages",
      "name": "Cloudflare Pages",
      "website": "https://pages.cloudflare.com",
      "category": ["static", "serverless", "cdn"],
      "pricing": {
        "free": {
          "price": 0,
          "currency": "USD",
          "traffic": "unlimited",
          "builds": "unlimited",
          "functions": "100000 requests/day",
          "storage": "unlimited",
          "bandwidth": "unlimited"
        },
        "pro": {
          "price": 20,
          "currency": "USD",
          "traffic": "unlimited",
          "builds": "unlimited",
          "functions": "10000000 requests/month",
          "storage": "unlimited",
          "bandwidth": "unlimited"
        }
      },
      "features": [
        "Global CDN",
        "Serverless Functions (Workers)",
        "D1 Database",
        "R2 Storage",
        "WebSocket Support",
        "Custom Domains",
        "HTTPS",
        "Preview Deployments",
        "Git Integration",
        "Wrangler CLI"
      ],
      "limitations": {
        "maxFileSize": "25MB",
        "buildTime": "15 minutes",
        "functionsRuntime": "V8",
        "functionsTimeout": "30 seconds (free), 15 minutes (paid)"
      },
      "api": {
        "deployment": "wrangler pages deploy",
        "endpoint": "https://api.cloudflare.com",
        "auth": "API Token",
        "documentation": "https://developers.cloudflare.com/pages"
      },
      "regions": ["global"],
      "support": "community",
      "rating": 5,
      "recommended": true
    },
    {
      "id": "github-pages",
      "name": "GitHub Pages",
      "website": "https://pages.github.com",
      "category": ["static"],
      "pricing": {
        "free": {
          "price": 0,
          "currency": "USD",
          "traffic": "100GB/month",
          "builds": "unlimited",
          "storage": "1GB",
          "bandwidth": "100GB/month"
        }
      },
      "features": [
        "Git Integration",
        "Custom Domains",
        "HTTPS",
        "Jekyll Support",
        "GitHub Actions",
        "Automatic Deployments"
      ],
      "limitations": {
        "maxFileSize": "100MB",
        "noServerless": true,
        "noDatabase": true,
        "publicReposOnly": true
      },
      "api": {
        "deployment": "git push",
        "endpoint": "https://api.github.com",
        "auth": "Personal Access Token",
        "documentation": "https://docs.github.com/pages"
      },
      "regions": ["global"],
      "support": "community",
      "rating": 4,
      "recommended": true
    },
    {
      "id": "netlify",
      "name": "Netlify",
      "website": "https://www.netlify.com",
      "category": ["static", "serverless"],
      "pricing": {
        "free": {
          "price": 0,
          "currency": "USD",
          "traffic": "100GB/month",
          "builds": "300 build minutes/month",
          "functions": "125000 invocations/month",
          "storage": "100GB",
          "bandwidth": "100GB/month"
        },
        "pro": {
          "price": 19,
          "currency": "USD",
          "traffic": "1TB/month",
          "builds": "1000 build minutes/month",
          "functions": "unlimited",
          "storage": "1TB",
          "bandwidth": "1TB/month"
        }
      },
      "features": [
        "Global CDN",
        "Serverless Functions",
        "Forms",
        "Identity",
        "Split Testing",
        "Custom Domains",
        "HTTPS",
        "Git Integration",
        "Netlify CLI"
      ],
      "limitations": {
        "maxFileSize": "100MB",
        "buildTime": "15 minutes",
        "functionsTimeout": "10 seconds (free), 26 seconds (paid)"
      },
      "api": {
        "deployment": "netlify deploy",
        "endpoint": "https://api.netlify.com",
        "auth": "API Token",
        "documentation": "https://docs.netlify.com"
      },
      "regions": ["global"],
      "support": "community",
      "rating": 5,
      "recommended": true
    },
    {
      "id": "vercel",
      "name": "Vercel",
      "website": "https://vercel.com",
      "category": ["static", "serverless"],
      "pricing": {
        "free": {
          "price": 0,
          "currency": "USD",
          "traffic": "100GB/month",
          "builds": "unlimited",
          "functions": "100GB-hours/month",
          "storage": "100GB",
          "bandwidth": "100GB/month"
        },
        "pro": {
          "price": 20,
          "currency": "USD",
          "traffic": "1TB/month",
          "builds": "unlimited",
          "functions": "1000GB-hours/month",
          "storage": "1TB",
          "bandwidth": "1TB/month"
        }
      },
      "features": [
        "Global CDN",
        "Serverless Functions",
        "Edge Functions",
        "Next.js Optimization",
        "Custom Domains",
        "HTTPS",
        "Git Integration",
        "Vercel CLI",
        "Analytics"
      ],
      "limitations": {
        "maxFileSize": "100MB",
        "buildTime": "45 minutes",
        "functionsTimeout": "10 seconds (free), 60 seconds (paid)"
      },
      "api": {
        "deployment": "vercel deploy",
        "endpoint": "https://api.vercel.com",
        "auth": "API Token",
        "documentation": "https://vercel.com/docs"
      },
      "regions": ["global"],
      "support": "community",
      "rating": 5,
      "recommended": true
    },
    {
      "id": "aws-s3-cloudfront",
      "name": "AWS S3 + CloudFront",
      "website": "https://aws.amazon.com/s3",
      "category": ["static", "cdn"],
      "pricing": {
        "free": {
          "price": 0,
          "currency": "USD",
          "traffic": "5GB storage, 20GB transfer",
          "builds": "manual",
          "storage": "5GB",
          "bandwidth": "20GB/month"
        },
        "payAsYouGo": {
          "price": "variable",
          "currency": "USD",
          "description": "Pay-as-you-go pricing",
          "storage": "$0.023/GB",
          "bandwidth": "$0.085/GB (first 10TB)"
        }
      },
      "features": [
        "Global CDN (CloudFront)",
        "S3 Storage",
        "Custom Domains",
        "HTTPS",
        "Lambda@Edge",
        "IAM Security"
      ],
      "limitations": {
        "maxFileSize": "5GB (S3), 20MB (CloudFront)",
        "complexity": "high",
        "requiresAWSAccount": true
      },
      "api": {
        "deployment": "AWS CLI / SDK",
        "endpoint": "https://s3.amazonaws.com",
        "auth": "AWS Credentials",
        "documentation": "https://docs.aws.amazon.com/s3"
      },
      "regions": ["global"],
      "support": "paid",
      "rating": 4,
      "recommended": false
    },
    {
      "id": "azure-static-web-apps",
      "name": "Azure Static Web Apps",
      "website": "https://azure.microsoft.com/services/app-service/static",
      "category": ["static", "serverless"],
      "pricing": {
        "free": {
          "price": 0,
          "currency": "USD",
          "traffic": "100GB/month",
          "builds": "unlimited",
          "functions": "unlimited",
          "storage": "100GB",
          "bandwidth": "100GB/month"
        },
        "standard": {
          "price": 9,
          "currency": "USD",
          "traffic": "unlimited",
          "builds": "unlimited",
          "functions": "unlimited",
          "storage": "unlimited",
          "bandwidth": "unlimited"
        }
      },
      "features": [
        "Global CDN",
        "Serverless Functions",
        "Custom Domains",
        "HTTPS",
        "Git Integration",
        "Authentication",
        "Azure CLI"
      ],
      "limitations": {
        "maxFileSize": "100MB",
        "buildTime": "30 minutes",
        "functionsTimeout": "30 seconds"
      },
      "api": {
        "deployment": "Azure CLI",
        "endpoint": "https://management.azure.com",
        "auth": "Azure AD",
        "documentation": "https://docs.microsoft.com/azure/static-web-apps"
      },
      "regions": ["global"],
      "support": "paid",
      "rating": 4,
      "recommended": false
    },
    {
      "id": "google-cloud-storage",
      "name": "Google Cloud Storage",
      "website": "https://cloud.google.com/storage",
      "category": ["static", "cdn"],
      "pricing": {
        "free": {
          "price": 0,
          "currency": "USD",
          "traffic": "5GB storage, 1GB transfer",
          "builds": "manual",
          "storage": "5GB",
          "bandwidth": "1GB/month"
        },
        "payAsYouGo": {
          "price": "variable",
          "currency": "USD",
          "description": "Pay-as-you-go pricing",
          "storage": "$0.020/GB",
          "bandwidth": "$0.12/GB (first 10TB)"
        }
      },
      "features": [
        "Global CDN",
        "Cloud Storage",
        "Custom Domains",
        "HTTPS",
        "Cloud Functions",
        "IAM Security"
      ],
      "limitations": {
        "maxFileSize": "5TB",
        "complexity": "high",
        "requiresGCPAccount": true
      },
      "api": {
        "deployment": "gcloud CLI",
        "endpoint": "https://storage.googleapis.com",
        "auth": "Service Account",
        "documentation": "https://cloud.google.com/storage/docs"
      },
      "regions": ["global"],
      "support": "paid",
      "rating": 4,
      "recommended": false
    },
    {
      "id": "digitalocean-app-platform",
      "name": "DigitalOcean App Platform",
      "website": "https://www.digitalocean.com/products/app-platform",
      "category": ["static", "serverless"],
      "pricing": {
        "free": {
          "price": 0,
          "currency": "USD",
          "traffic": "limited",
          "builds": "unlimited",
          "functions": "limited",
          "storage": "limited",
          "bandwidth": "limited"
        },
        "basic": {
          "price": 5,
          "currency": "USD",
          "traffic": "unlimited",
          "builds": "unlimited",
          "functions": "unlimited",
          "storage": "unlimited",
          "bandwidth": "unlimited"
        }
      },
      "features": [
        "Global CDN",
        "Serverless Functions",
        "Custom Domains",
        "HTTPS",
        "Git Integration",
        "Database Support",
        "DO CLI"
      ],
      "limitations": {
        "maxFileSize": "100MB",
        "buildTime": "30 minutes"
      },
      "api": {
        "deployment": "doctl",
        "endpoint": "https://api.digitalocean.com",
        "auth": "API Token",
        "documentation": "https://docs.digitalocean.com/products/app-platform"
      },
      "regions": ["global"],
      "support": "community",
      "rating": 4,
      "recommended": false
    },
    {
      "id": "render",
      "name": "Render",
      "website": "https://render.com",
      "category": ["static", "serverless"],
      "pricing": {
        "free": {
          "price": 0,
          "currency": "USD",
          "traffic": "unlimited",
          "builds": "unlimited",
          "functions": "limited",
          "storage": "limited",
          "bandwidth": "unlimited"
        },
        "starter": {
          "price": 7,
          "currency": "USD",
          "traffic": "unlimited",
          "builds": "unlimited",
          "functions": "unlimited",
          "storage": "unlimited",
          "bandwidth": "unlimited"
        }
      },
      "features": [
        "Global CDN",
        "Serverless Functions",
        "Custom Domains",
        "HTTPS",
        "Git Integration",
        "Database Support",
        "Render CLI"
      ],
      "limitations": {
        "maxFileSize": "100MB",
        "buildTime": "30 minutes",
        "sleepAfterInactivity": true
      },
      "api": {
        "deployment": "render deploy",
        "endpoint": "https://api.render.com",
        "auth": "API Key",
        "documentation": "https://render.com/docs"
      },
      "regions": ["global"],
      "support": "community",
      "rating": 4,
      "recommended": false
    }
  ],
  "categories": [
    "static",
    "serverless",
    "cdn",
    "vps",
    "cloud",
    "dedicated"
  ],
  "comparison": {
    "bestForStatic": ["cloudflare-pages", "netlify", "vercel"],
    "bestForServerless": ["cloudflare-pages", "netlify", "vercel"],
    "bestForFree": ["cloudflare-pages", "github-pages", "netlify"],
    "bestForEnterprise": ["aws-s3-cloudfront", "azure-static-web-apps", "google-cloud-storage"]
  }
}

