{
  "version": "1.0.0",
  "lastUpdated": "2025-11-25",
  "integrations": [
    {
      "id": "together-systems-startup-systems",
      "name": "Together Systems ↔ Startup Systems",
      "type": "system-integration",
      "status": "active",
      "connections": [
        {
          "source": "together-systems",
          "target": "startup-systems",
          "type": "kernel-sharing",
          "config": {
            "sharedKernel": true,
            "buildTools": true,
            "notaryVerification": true
          }
        }
      ],
      "description": "Integration zwischen Together Systems und Startup Systems für Kernel-Sharing und BuildTools"
    },
    {
      "id": "cloudflare-pages-github",
      "name": "Cloudflare Pages ↔ GitHub",
      "type": "deployment-integration",
      "status": "active",
      "connections": [
        {
          "source": "github",
          "target": "cloudflare-pages",
          "type": "auto-deploy",
          "config": {
            "trigger": "push",
            "branch": "main",
            "workflow": ".github/workflows/deploy.yml"
          }
        }
      ],
      "description": "Automatisches Deployment von GitHub zu Cloudflare Pages"
    },
    {
      "id": "mcp-playwright",
      "name": "MCP ↔ Playwright",
      "type": "test-integration",
      "status": "active",
      "connections": [
        {
          "source": "mcp",
          "target": "playwright",
          "type": "test-automation",
          "config": {
            "autoRun": true,
            "onChange": true,
            "reporting": true
          }
        }
      ],
      "description": "Integration zwischen MCP und Playwright für automatische Tests"
    },
    {
      "id": "autofix-monitoring",
      "name": "Auto-Fix ↔ Monitoring",
      "type": "monitoring-integration",
      "status": "active",
      "connections": [
        {
          "source": "autofix",
          "target": "monitoring",
          "type": "error-tracking",
          "config": {
            "logErrors": true,
            "notifyAdmin": true,
            "autoFix": true
          }
        }
      ],
      "description": "Integration zwischen Auto-Fix und Monitoring für Fehler-Tracking"
    },
    {
      "id": "neural-network-ki",
      "name": "Neural Network ↔ KI",
      "type": "ai-integration",
      "status": "active",
      "connections": [
        {
          "source": "neural-network",
          "target": "ki-system",
          "type": "ai-processing",
          "config": {
            "autoLearning": true,
            "patternRecognition": true,
            "prediction": true
          }
        }
      ],
      "description": "Integration zwischen Neural Network und KI-System"
    },
    {
      "id": "buildtools-notary",
      "name": "BuildTools ↔ Notary",
      "type": "verification-integration",
      "status": "active",
      "connections": [
        {
          "source": "buildtools",
          "target": "notary",
          "type": "license-verification",
          "config": {
            "autoVerify": false,
            "onDemand": true,
            "costBased": true
          }
        }
      ],
      "description": "Integration zwischen BuildTools und Notary für Lizenz-Verifizierung"
    }
  ],
  "serviceTypes": [
    "system-integration",
    "deployment-integration",
    "test-integration",
    "monitoring-integration",
    "ai-integration",
    "verification-integration",
    "database-integration",
    "api-integration"
  ]
}

